el_id,field,uc_type,uc_id,phys_units,eng_units,lower_lim,upper_lim
0,s_position,null,0,m,m,,
0,beta,null,0,m,m,,
0,dispersion,null,0,m,m,,
0,beam_current,null,0,A,A,,
1510,f,null,0,Hz,Hz,,
0,energy,poly,1,Gev,Mev,,
0,emittance_x,poly,2,m,nm,,
0,emittance_y,poly,3,m,pm,,
5,b1,pchip,4,m^-2,A,0,200
406,b1,pchip,4,m^-2,A,0,200
427,b1,pchip,4,m^-2,A,0,200
749,b1,pchip,4,m^-2,A,0,250
805,b1,pchip,4,m^-2,A,0,200
1152,b1,pchip,4,m^-2,A,0,250
1208,b1,pchip,4,m^-2,A,0,200
1506,b1,pchip,4,m^-2,A,0,200
1515,b1,pchip,4,m^-2,A,0,200
1857,b1,pchip,4,m^-2,A,0,200
1875,b1,pchip,4,m^-2,A,0,200
2187,b1,pchip,4,m^-2,A,0,200
11,b1,pchip,5,m^-2,A,0,200
400,b1,pchip,5,m^-2,A,0,200
433,b1,pchip,5,m^-2,A,0,200
743,b1,pchip,5,m^-2,A,0,200
811,b1,pchip,5,m^-2,A,0,200
1146,b1,pchip,5,m^-2,A,0,200
1214,b1,pchip,5,m^-2,A,0,200
1500,b1,pchip,5,m^-2,A,0,200
1521,b1,pchip,5,m^-2,A,0,200
1851,b1,pchip,5,m^-2,A,0,200
1881,b1,pchip,5,m^-2,A,0,200
2181,b1,pchip,5,m^-2,A,0,200
13,b1,pchip,6,m^-2,A,0,200
396,b1,pchip,6,m^-2,A,0,200
435,b1,pchip,6,m^-2,A,0,200
739,b1,pchip,6,m^-2,A,0,200
813,b1,pchip,6,m^-2,A,0,200
1142,b1,pchip,6,m^-2,A,0,200
1216,b1,pchip,6,m^-2,A,0,200
1496,b1,pchip,6,m^-2,A,0,200
1523,b1,pchip,6,m^-2,A,0,200
1847,b1,pchip,6,m^-2,A,0,200
1883,b1,pchip,6,m^-2,A,0,200
2177,b1,pchip,6,m^-2,A,0,200
23,b1,pchip,7,m^-2,A,0,200
386,b1,pchip,7,m^-2,A,0,200
445,b1,pchip,7,m^-2,A,0,200
729,b1,pchip,7,m^-2,A,0,200
823,b1,pchip,7,m^-2,A,0,200
1132,b1,pchip,7,m^-2,A,0,200
1226,b1,pchip,7,m^-2,A,0,200
1485,b1,pchip,7,m^-2,A,0,200
1533,b1,pchip,7,m^-2,A,0,200
1837,b1,pchip,7,m^-2,A,0,200
1893,b1,pchip,7,m^-2,A,0,200
2166,b1,pchip,7,m^-2,A,0,200
31,b1,pchip,8,m^-2,A,0,200
380,b1,pchip,8,m^-2,A,0,200
453,b1,pchip,8,m^-2,A,0,200
723,b1,pchip,8,m^-2,A,0,200
831,b1,pchip,8,m^-2,A,0,200
1126,b1,pchip,8,m^-2,A,0,200
1234,b1,pchip,8,m^-2,A,0,200
1479,b1,pchip,8,m^-2,A,0,200
1541,b1,pchip,8,m^-2,A,0,200
1831,b1,pchip,8,m^-2,A,0,200
1901,b1,pchip,8,m^-2,A,0,200
2160,b1,pchip,8,m^-2,A,0,200
39,b1,pchip,9,m^-2,A,0,200
274,b1,pchip,9,m^-2,A,0,200
282,b1,pchip,9,m^-2,A,0,200
372,b1,pchip,9,m^-2,A,0,200
461,b1,pchip,9,m^-2,A,0,200
544,b1,pchip,9,m^-2,A,0,200
552,b1,pchip,9,m^-2,A,0,200
636,b1,pchip,9,m^-2,A,0,200
644,b1,pchip,9,m^-2,A,0,200
715,b1,pchip,9,m^-2,A,0,200
839,b1,pchip,9,m^-2,A,0,200
945,b1,pchip,9,m^-2,A,0,200
953,b1,pchip,9,m^-2,A,0,200
1037,b1,pchip,9,m^-2,A,0,200
1045,b1,pchip,9,m^-2,A,0,200
1118,b1,pchip,9,m^-2,A,0,200
1242,b1,pchip,9,m^-2,A,0,200
1312,b1,pchip,9,m^-2,A,0,200
1320,b1,pchip,9,m^-2,A,0,200
1391,b1,pchip,9,m^-2,A,0,200
1399,b1,pchip,9,m^-2,A,0,200
1471,b1,pchip,9,m^-2,A,0,200
1549,b1,pchip,9,m^-2,A,0,200
1621,b1,pchip,9,m^-2,A,0,200
1629,b1,pchip,9,m^-2,A,0,200
1714,b1,pchip,9,m^-2,A,0,200
1722,b1,pchip,9,m^-2,A,0,200
1823,b1,pchip,9,m^-2,A,0,200
1909,b1,pchip,9,m^-2,A,0,200
1980,b1,pchip,9,m^-2,A,0,200
1988,b1,pchip,9,m^-2,A,0,200
2059,b1,pchip,9,m^-2,A,0,200
2067,b1,pchip,9,m^-2,A,0,200
2152,b1,pchip,9,m^-2,A,0,200
45,b1,pchip,10,m^-2,A,0,200
266,b1,pchip,10,m^-2,A,0,200
288,b1,pchip,10,m^-2,A,0,200
364,b1,pchip,10,m^-2,A,0,200
467,b1,pchip,10,m^-2,A,0,200
536,b1,pchip,10,m^-2,A,0,200
558,b1,pchip,10,m^-2,A,0,200
628,b1,pchip,10,m^-2,A,0,200
650,b1,pchip,10,m^-2,A,0,200
707,b1,pchip,10,m^-2,A,0,200
845,b1,pchip,10,m^-2,A,0,200
937,b1,pchip,10,m^-2,A,0,200
959,b1,pchip,10,m^-2,A,0,200
1029,b1,pchip,10,m^-2,A,0,200
1053,b1,pchip,10,m^-2,A,0,200
1110,b1,pchip,10,m^-2,A,0,200
1248,b1,pchip,10,m^-2,A,0,200
1304,b1,pchip,10,m^-2,A,0,200
1326,b1,pchip,10,m^-2,A,0,200
1383,b1,pchip,10,m^-2,A,0,200
1405,b1,pchip,10,m^-2,A,0,200
1463,b1,pchip,10,m^-2,A,0,200
1555,b1,pchip,10,m^-2,A,0,200
1613,b1,pchip,10,m^-2,A,0,200
1635,b1,pchip,10,m^-2,A,0,200
1706,b1,pchip,10,m^-2,A,0,200
1728,b1,pchip,10,m^-2,A,0,200
1815,b1,pchip,10,m^-2,A,0,200
1915,b1,pchip,10,m^-2,A,0,200
1972,b1,pchip,10,m^-2,A,0,200
1994,b1,pchip,10,m^-2,A,0,200
2051,b1,pchip,10,m^-2,A,0,200
2073,b1,pchip,10,m^-2,A,0,200
2144,b1,pchip,10,m^-2,A,0,200
55,b1,pchip,11,m^-2,A,0,200
256,b1,pchip,11,m^-2,A,0,200
298,b1,pchip,11,m^-2,A,0,200
354,b1,pchip,11,m^-2,A,0,200
477,b1,pchip,11,m^-2,A,0,200
526,b1,pchip,11,m^-2,A,0,200
568,b1,pchip,11,m^-2,A,0,200
618,b1,pchip,11,m^-2,A,0,200
661,b1,pchip,11,m^-2,A,0,200
697,b1,pchip,11,m^-2,A,0,200
855,b1,pchip,11,m^-2,A,0,200
927,b1,pchip,11,m^-2,A,0,200
969,b1,pchip,11,m^-2,A,0,200
1019,b1,pchip,11,m^-2,A,0,200
1063,b1,pchip,11,m^-2,A,0,200
1100,b1,pchip,11,m^-2,A,0,200
1258,b1,pchip,11,m^-2,A,0,200
1294,b1,pchip,11,m^-2,A,0,200
1336,b1,pchip,11,m^-2,A,0,200
1373,b1,pchip,11,m^-2,A,0,200
1415,b1,pchip,11,m^-2,A,0,200
1453,b1,pchip,11,m^-2,A,0,200
1565,b1,pchip,11,m^-2,A,0,200
1603,b1,pchip,11,m^-2,A,0,200
1646,b1,pchip,11,m^-2,A,0,200
1696,b1,pchip,11,m^-2,A,0,200
1738,b1,pchip,11,m^-2,A,0,200
1805,b1,pchip,11,m^-2,A,0,200
1926,b1,pchip,11,m^-2,A,0,200
1962,b1,pchip,11,m^-2,A,0,200
2005,b1,pchip,11,m^-2,A,0,200
2041,b1,pchip,11,m^-2,A,0,200
2084,b1,pchip,11,m^-2,A,0,200
2134,b1,pchip,11,m^-2,A,0,200
59,b1,pchip,12,m^-2,A,0,200
254,b1,pchip,12,m^-2,A,0,200
302,b1,pchip,12,m^-2,A,0,200
352,b1,pchip,12,m^-2,A,0,200
481,b1,pchip,12,m^-2,A,0,200
524,b1,pchip,12,m^-2,A,0,200
572,b1,pchip,12,m^-2,A,0,200
616,b1,pchip,12,m^-2,A,0,200
665,b1,pchip,12,m^-2,A,0,200
695,b1,pchip,12,m^-2,A,0,200
859,b1,pchip,12,m^-2,A,0,200
925,b1,pchip,12,m^-2,A,0,200
973,b1,pchip,12,m^-2,A,0,200
1017,b1,pchip,12,m^-2,A,0,200
1067,b1,pchip,12,m^-2,A,0,200
1098,b1,pchip,12,m^-2,A,0,200
1262,b1,pchip,12,m^-2,A,0,200
1292,b1,pchip,12,m^-2,A,0,200
1340,b1,pchip,12,m^-2,A,0,200
1371,b1,pchip,12,m^-2,A,0,200
1419,b1,pchip,12,m^-2,A,0,200
1451,b1,pchip,12,m^-2,A,0,200
1569,b1,pchip,12,m^-2,A,0,200
1601,b1,pchip,12,m^-2,A,0,200
1650,b1,pchip,12,m^-2,A,0,200
1694,b1,pchip,12,m^-2,A,0,200
1742,b1,pchip,12,m^-2,A,0,200
1803,b1,pchip,12,m^-2,A,0,200
1930,b1,pchip,12,m^-2,A,0,200
1960,b1,pchip,12,m^-2,A,0,200
2009,b1,pchip,12,m^-2,A,0,200
2039,b1,pchip,12,m^-2,A,0,200
2088,b1,pchip,12,m^-2,A,0,200
2132,b1,pchip,12,m^-2,A,0,200
65,b1,pchip,13,m^-2,A,0,200
248,b1,pchip,13,m^-2,A,0,200
308,b1,pchip,13,m^-2,A,0,200
346,b1,pchip,13,m^-2,A,0,200
487,b1,pchip,13,m^-2,A,0,200
518,b1,pchip,13,m^-2,A,0,200
578,b1,pchip,13,m^-2,A,0,200
610,b1,pchip,13,m^-2,A,0,200
671,b1,pchip,13,m^-2,A,0,200
689,b1,pchip,13,m^-2,A,0,200
865,b1,pchip,13,m^-2,A,0,200
919,b1,pchip,13,m^-2,A,0,200
979,b1,pchip,13,m^-2,A,0,200
1011,b1,pchip,13,m^-2,A,0,200
1073,b1,pchip,13,m^-2,A,0,200
1092,b1,pchip,13,m^-2,A,0,200
1268,b1,pchip,13,m^-2,A,0,200
1286,b1,pchip,13,m^-2,A,0,200
1346,b1,pchip,13,m^-2,A,0,200
1365,b1,pchip,13,m^-2,A,0,200
1425,b1,pchip,13,m^-2,A,0,200
1445,b1,pchip,13,m^-2,A,0,200
1575,b1,pchip,13,m^-2,A,0,200
1595,b1,pchip,13,m^-2,A,0,200
1656,b1,pchip,13,m^-2,A,0,200
1688,b1,pchip,13,m^-2,A,0,200
1748,b1,pchip,13,m^-2,A,0,200
1797,b1,pchip,13,m^-2,A,0,200
1936,b1,pchip,13,m^-2,A,0,200
1954,b1,pchip,13,m^-2,A,0,200
2015,b1,pchip,13,m^-2,A,0,200
2033,b1,pchip,13,m^-2,A,0,200
2094,b1,pchip,13,m^-2,A,0,200
2126,b1,pchip,13,m^-2,A,0,200
99,b1,pchip,14,m^-2,A,0,200
210,b1,pchip,15,m^-2,A,0,200
103,b1,pchip,16,m^-2,A,0,200
204,b1,pchip,17,m^-2,A,0,200
122,b1,pchip,18,m^-2,A,0,200
128,b1,pchip,19,m^-2,A,0,200
179,b1,pchip,20,m^-2,A,0,200
187,b1,pchip,21,m^-2,A,0,200
142,b1,pchip,22,m^-2,A,0,200
163,b1,pchip,23,m^-2,A,0,200
751,b1,pchip,24,m^-2,A,0,200
778,b1,pchip,25,m^-2,A,0,200
780,b1,pchip,26,m^-2,A,0,200
803,b1,pchip,27,m^-2,A,0,200
1154,b1,pchip,28,m^-2,A,0,200
1181,b1,pchip,29,m^-2,A,0,200
1183,b1,pchip,30,m^-2,A,0,200
1206,b1,pchip,31,m^-2,A,0,200
8,b2,pchip,32,m^-3,A,-100,100
403,b2,pchip,32,m^-3,A,-100,100
430,b2,pchip,32,m^-3,A,-100,100
746,b2,pchip,32,m^-3,A,-100,100
808,b2,pchip,32,m^-3,A,-100,100
1149,b2,pchip,32,m^-3,A,-100,100
1211,b2,pchip,32,m^-3,A,-100,100
1503,b2,pchip,32,m^-3,A,-100,100
1518,b2,pchip,32,m^-3,A,-100,100
1854,b2,pchip,32,m^-3,A,-100,100
1878,b2,pchip,32,m^-3,A,-100,100
2184,b2,pchip,32,m^-3,A,-100,100
16,b2,pchip,33,m^-3,A,-100,100
393,b2,pchip,33,m^-3,A,-100,100
438,b2,pchip,33,m^-3,A,-100,100
736,b2,pchip,33,m^-3,A,-100,100
816,b2,pchip,33,m^-3,A,-100,100
1139,b2,pchip,33,m^-3,A,-100,100
1219,b2,pchip,33,m^-3,A,-100,100
1493,b2,pchip,33,m^-3,A,-100,100
1526,b2,pchip,33,m^-3,A,-100,100
1844,b2,pchip,33,m^-3,A,-100,100
1886,b2,pchip,33,m^-3,A,-100,100
2174,b2,pchip,33,m^-3,A,-100,100
28,b2,pchip,34,m^-3,A,0,100
42,b2,pchip,35,m^-3,A,0,100
271,b2,pchip,36,m^-3,A,0,100
285,b2,pchip,37,m^-3,A,0,100
369,b2,pchip,38,m^-3,A,0,100
383,b2,pchip,39,m^-3,A,0,100
450,b2,pchip,40,m^-3,A,0,100
464,b2,pchip,41,m^-3,A,0,100
541,b2,pchip,42,m^-3,A,0,100
555,b2,pchip,43,m^-3,A,0,100
633,b2,pchip,44,m^-3,A,0,100
647,b2,pchip,45,m^-3,A,0,100
712,b2,pchip,46,m^-3,A,0,100
726,b2,pchip,47,m^-3,A,0,100
828,b2,pchip,48,m^-3,A,0,100
842,b2,pchip,49,m^-3,A,0,100
942,b2,pchip,50,m^-3,A,0,100
956,b2,pchip,51,m^-3,A,0,100
1034,b2,pchip,52,m^-3,A,0,100
1115,b2,pchip,53,m^-3,A,0,100
1129,b2,pchip,54,m^-3,A,0,100
1231,b2,pchip,55,m^-3,A,0,100
1245,b2,pchip,56,m^-3,A,0,100
1309,b2,pchip,57,m^-3,A,0,100
1323,b2,pchip,58,m^-3,A,0,100
1388,b2,pchip,59,m^-3,A,0,100
1402,b2,pchip,60,m^-3,A,0,100
1468,b2,pchip,61,m^-3,A,0,100
1482,b2,pchip,62,m^-3,A,0,100
1538,b2,pchip,63,m^-3,A,0,100
1552,b2,pchip,64,m^-3,A,0,100
1618,b2,pchip,65,m^-3,A,0,100
1632,b2,pchip,66,m^-3,A,0,100
1711,b2,pchip,67,m^-3,A,0,100
1725,b2,pchip,68,m^-3,A,0,100
1820,b2,pchip,69,m^-3,A,0,100
1834,b2,pchip,70,m^-3,A,0,100
1898,b2,pchip,71,m^-3,A,0,100
1912,b2,pchip,72,m^-3,A,0,100
1977,b2,pchip,73,m^-3,A,0,100
1991,b2,pchip,74,m^-3,A,0,100
2056,b2,pchip,75,m^-3,A,0,100
2070,b2,pchip,76,m^-3,A,0,100
2149,b2,pchip,77,m^-3,A,0,100
2163,b2,pchip,78,m^-3,A,0,100
36,b2,pchip,79,m^-3,A,0,100
279,b2,pchip,79,m^-3,A,0,100
377,b2,pchip,79,m^-3,A,0,100
458,b2,pchip,79,m^-3,A,0,100
549,b2,pchip,79,m^-3,A,0,100
641,b2,pchip,79,m^-3,A,0,100
720,b2,pchip,79,m^-3,A,0,100
836,b2,pchip,79,m^-3,A,0,100
950,b2,pchip,79,m^-3,A,0,100
1042,b2,pchip,79,m^-3,A,0,100
1123,b2,pchip,79,m^-3,A,0,100
1239,b2,pchip,79,m^-3,A,0,100
1317,b2,pchip,79,m^-3,A,0,100
1396,b2,pchip,79,m^-3,A,0,100
1476,b2,pchip,79,m^-3,A,0,100
1546,b2,pchip,79,m^-3,A,0,100
1626,b2,pchip,79,m^-3,A,0,100
1719,b2,pchip,79,m^-3,A,0,100
1828,b2,pchip,79,m^-3,A,0,100
1906,b2,pchip,79,m^-3,A,0,100
1985,b2,pchip,79,m^-3,A,0,100
2064,b2,pchip,79,m^-3,A,0,100
2157,b2,pchip,79,m^-3,A,0,100
52,b2,pchip,80,m^-3,A,-100,100
357,b2,pchip,80,m^-3,A,-100,100
474,b2,pchip,80,m^-3,A,-100,100
700,b2,pchip,80,m^-3,A,-100,100
852,b2,pchip,80,m^-3,A,-100,100
1103,b2,pchip,80,m^-3,A,-100,100
1255,b2,pchip,80,m^-3,A,-100,100
1456,b2,pchip,80,m^-3,A,-100,100
1562,b2,pchip,80,m^-3,A,-100,100
1808,b2,pchip,80,m^-3,A,-100,100
1923,b2,pchip,80,m^-3,A,-100,100
2137,b2,pchip,80,m^-3,A,-100,100
62,b2,pchip,81,m^-3,A,-100,100
349,b2,pchip,81,m^-3,A,-100,100
484,b2,pchip,81,m^-3,A,-100,100
692,b2,pchip,81,m^-3,A,-100,100
862,b2,pchip,81,m^-3,A,-100,100
1095,b2,pchip,81,m^-3,A,-100,100
1265,b2,pchip,81,m^-3,A,-100,100
1448,b2,pchip,81,m^-3,A,-100,100
1572,b2,pchip,81,m^-3,A,-100,100
1800,b2,pchip,81,m^-3,A,-100,100
1933,b2,pchip,81,m^-3,A,-100,100
2129,b2,pchip,81,m^-3,A,-100,100
101,b2,pchip,82,m^-3,A,0,100
208,b2,pchip,83,m^-3,A,0,100
107,b2,pchip,84,m^-3,A,0,100
200,b2,pchip,85,m^-3,A,0,100
120,b2,pchip,86,m^-3,A,0,100
130,b2,pchip,87,m^-3,A,0,100
177,b2,pchip,88,m^-3,A,0,100
189,b2,pchip,89,m^-3,A,0,100
126,b2,pchip,90,m^-3,A,0,100
185,b2,pchip,91,m^-3,A,0,100
251,b2,pchip,92,m^-3,A,-100,100
305,b2,pchip,92,m^-3,A,-100,100
521,b2,pchip,92,m^-3,A,-100,100
575,b2,pchip,92,m^-3,A,-100,100
613,b2,pchip,92,m^-3,A,-100,100
668,b2,pchip,92,m^-3,A,-100,100
922,b2,pchip,92,m^-3,A,-100,100
976,b2,pchip,92,m^-3,A,-100,100
1014,b2,pchip,92,m^-3,A,-100,100
1070,b2,pchip,92,m^-3,A,-100,100
1289,b2,pchip,92,m^-3,A,-100,100
1343,b2,pchip,92,m^-3,A,-100,100
1368,b2,pchip,92,m^-3,A,-100,100
1422,b2,pchip,92,m^-3,A,-100,100
1598,b2,pchip,92,m^-3,A,-100,100
1653,b2,pchip,92,m^-3,A,-100,100
1691,b2,pchip,92,m^-3,A,-100,100
1745,b2,pchip,92,m^-3,A,-100,100
1957,b2,pchip,92,m^-3,A,-100,100
2012,b2,pchip,92,m^-3,A,-100,100
2036,b2,pchip,92,m^-3,A,-100,100
2091,b2,pchip,92,m^-3,A,-100,100
259,b2,pchip,93,m^-3,A,0,100
295,b2,pchip,94,m^-3,A,0,100
529,b2,pchip,95,m^-3,A,0,100
565,b2,pchip,96,m^-3,A,0,100
621,b2,pchip,97,m^-3,A,0,100
658,b2,pchip,98,m^-3,A,0,100
930,b2,pchip,99,m^-3,A,0,100
966,b2,pchip,100,m^-3,A,0,100
1022,b2,pchip,101,m^-3,A,0,100
1060,b2,pchip,102,m^-3,A,0,100
1297,b2,pchip,103,m^-3,A,0,100
1333,b2,pchip,104,m^-3,A,0,100
1376,b2,pchip,105,m^-3,A,0,100
1412,b2,pchip,106,m^-3,A,0,100
1606,b2,pchip,107,m^-3,A,0,100
1643,b2,pchip,108,m^-3,A,0,100
1699,b2,pchip,109,m^-3,A,0,100
1735,b2,pchip,110,m^-3,A,0,100
1965,b2,pchip,111,m^-3,A,0,100
2002,b2,pchip,112,m^-3,A,0,120
2044,b2,pchip,113,m^-3,A,0,100
2081,b2,pchip,114,m^-3,A,0,100
21,b0,pchip,115,m^-1,A,0,1400
49,b0,pchip,115,m^-1,A,0,1400
111,b0,pchip,115,m^-1,A,0,1400
136,b0,pchip,115,m^-1,A,0,1400
170,b0,pchip,115,m^-1,A,0,1400
195,b0,pchip,115,m^-1,A,0,1400
264,b0,pchip,115,m^-1,A,0,1400
292,b0,pchip,115,m^-1,A,0,1400
362,b0,pchip,115,m^-1,A,0,1400
390,b0,pchip,115,m^-1,A,0,1400
443,b0,pchip,115,m^-1,A,0,1400
471,b0,pchip,115,m^-1,A,0,1400
534,b0,pchip,115,m^-1,A,0,1400
562,b0,pchip,115,m^-1,A,0,1400
626,b0,pchip,115,m^-1,A,0,1400
655,b0,pchip,115,m^-1,A,0,1400
705,b0,pchip,115,m^-1,A,0,1400
733,b0,pchip,115,m^-1,A,0,1400
821,b0,pchip,115,m^-1,A,0,1400
849,b0,pchip,115,m^-1,A,0,1400
935,b0,pchip,115,m^-1,A,0,1400
963,b0,pchip,115,m^-1,A,0,1400
1027,b0,pchip,115,m^-1,A,0,1400
1057,b0,pchip,115,m^-1,A,0,1400
1108,b0,pchip,115,m^-1,A,0,1400
1136,b0,pchip,115,m^-1,A,0,1400
1224,b0,pchip,115,m^-1,A,0,1400
1252,b0,pchip,115,m^-1,A,0,1400
1302,b0,pchip,115,m^-1,A,0,1400
1330,b0,pchip,115,m^-1,A,0,1400
1381,b0,pchip,115,m^-1,A,0,1400
1409,b0,pchip,115,m^-1,A,0,1400
1461,b0,pchip,115,m^-1,A,0,1400
1490,b0,pchip,115,m^-1,A,0,1400
1531,b0,pchip,115,m^-1,A,0,1400
1559,b0,pchip,115,m^-1,A,0,1400
1611,b0,pchip,115,m^-1,A,0,1400
1640,b0,pchip,115,m^-1,A,0,1400
1704,b0,pchip,115,m^-1,A,0,1400
1732,b0,pchip,115,m^-1,A,0,1400
1813,b0,pchip,115,m^-1,A,0,1400
1841,b0,pchip,115,m^-1,A,0,1400
1891,b0,pchip,115,m^-1,A,0,1400
1920,b0,pchip,115,m^-1,A,0,1400
1970,b0,pchip,115,m^-1,A,0,1400
1999,b0,pchip,115,m^-1,A,0,1400
2049,b0,pchip,115,m^-1,A,0,1400
2078,b0,pchip,115,m^-1,A,0,1400
2142,b0,pchip,115,m^-1,A,0,1400
2171,b0,pchip,115,m^-1,A,0,1400
111,db0,pchip,116,m^-1,A,0,200
195,db0,pchip,116,m^-1,A,0,200
136,db0,pchip,117,m^-1,A,0,200
170,db0,pchip,117,m^-1,A,0,200
3,x,poly,118,mm,m,,
3,y,poly,118,mm,m,,
19,x,poly,118,mm,m,,
19,y,poly,118,mm,m,,
25,x,poly,118,mm,m,,
25,y,poly,118,mm,m,,
33,x,poly,118,mm,m,,
33,y,poly,118,mm,m,,
47,x,poly,118,mm,m,,
47,y,poly,118,mm,m,,
57,x,poly,118,mm,m,,
57,y,poly,118,mm,m,,
67,x,poly,118,mm,m,,
67,y,poly,118,mm,m,,
95,x,poly,118,mm,m,,
95,y,poly,118,mm,m,,
118,x,poly,118,mm,m,,
118,y,poly,118,mm,m,,
134,x,poly,118,mm,m,,
134,y,poly,118,mm,m,,
147,x,poly,118,mm,m,,
147,y,poly,118,mm,m,,
161,x,poly,118,mm,m,,
161,y,poly,118,mm,m,,
183,x,poly,118,mm,m,,
183,y,poly,118,mm,m,,
193,x,poly,118,mm,m,,
193,y,poly,118,mm,m,,
218,x,poly,118,mm,m,,
218,y,poly,118,mm,m,,
246,x,poly,118,mm,m,,
246,y,poly,118,mm,m,,
262,x,poly,118,mm,m,,
262,y,poly,118,mm,m,,
268,x,poly,118,mm,m,,
268,y,poly,118,mm,m,,
276,x,poly,118,mm,m,,
276,y,poly,118,mm,m,,
290,x,poly,118,mm,m,,
290,y,poly,118,mm,m,,
300,x,poly,118,mm,m,,
300,y,poly,118,mm,m,,
310,x,poly,118,mm,m,,
310,y,poly,118,mm,m,,
344,x,poly,118,mm,m,,
344,y,poly,118,mm,m,,
360,x,poly,118,mm,m,,
360,y,poly,118,mm,m,,
366,x,poly,118,mm,m,,
366,y,poly,118,mm,m,,
374,x,poly,118,mm,m,,
374,y,poly,118,mm,m,,
388,x,poly,118,mm,m,,
388,y,poly,118,mm,m,,
398,x,poly,118,mm,m,,
398,y,poly,118,mm,m,,
408,x,poly,118,mm,m,,
408,y,poly,118,mm,m,,
425,x,poly,118,mm,m,,
425,y,poly,118,mm,m,,
441,x,poly,118,mm,m,,
441,y,poly,118,mm,m,,
447,x,poly,118,mm,m,,
447,y,poly,118,mm,m,,
455,x,poly,118,mm,m,,
455,y,poly,118,mm,m,,
469,x,poly,118,mm,m,,
469,y,poly,118,mm,m,,
479,x,poly,118,mm,m,,
479,y,poly,118,mm,m,,
489,x,poly,118,mm,m,,
489,y,poly,118,mm,m,,
516,x,poly,118,mm,m,,
516,y,poly,118,mm,m,,
532,x,poly,118,mm,m,,
532,y,poly,118,mm,m,,
538,x,poly,118,mm,m,,
538,y,poly,118,mm,m,,
546,x,poly,118,mm,m,,
546,y,poly,118,mm,m,,
560,x,poly,118,mm,m,,
560,y,poly,118,mm,m,,
570,x,poly,118,mm,m,,
570,y,poly,118,mm,m,,
580,x,poly,118,mm,m,,
580,y,poly,118,mm,m,,
608,x,poly,118,mm,m,,
608,y,poly,118,mm,m,,
624,x,poly,118,mm,m,,
624,y,poly,118,mm,m,,
630,x,poly,118,mm,m,,
630,y,poly,118,mm,m,,
638,x,poly,118,mm,m,,
638,y,poly,118,mm,m,,
652,x,poly,118,mm,m,,
652,y,poly,118,mm,m,,
663,x,poly,118,mm,m,,
663,y,poly,118,mm,m,,
673,x,poly,118,mm,m,,
673,y,poly,118,mm,m,,
687,x,poly,118,mm,m,,
687,y,poly,118,mm,m,,
703,x,poly,118,mm,m,,
703,y,poly,118,mm,m,,
709,x,poly,118,mm,m,,
709,y,poly,118,mm,m,,
717,x,poly,118,mm,m,,
717,y,poly,118,mm,m,,
731,x,poly,118,mm,m,,
731,y,poly,118,mm,m,,
741,x,poly,118,mm,m,,
741,y,poly,118,mm,m,,
757,x,poly,118,mm,m,,
757,y,poly,118,mm,m,,
769,x,poly,118,mm,m,,
769,y,poly,118,mm,m,,
782,x,poly,118,mm,m,,
782,y,poly,118,mm,m,,
797,x,poly,118,mm,m,,
797,y,poly,118,mm,m,,
819,x,poly,118,mm,m,,
819,y,poly,118,mm,m,,
825,x,poly,118,mm,m,,
825,y,poly,118,mm,m,,
833,x,poly,118,mm,m,,
833,y,poly,118,mm,m,,
847,x,poly,118,mm,m,,
847,y,poly,118,mm,m,,
857,x,poly,118,mm,m,,
857,y,poly,118,mm,m,,
867,x,poly,118,mm,m,,
867,y,poly,118,mm,m,,
917,x,poly,118,mm,m,,
917,y,poly,118,mm,m,,
933,x,poly,118,mm,m,,
933,y,poly,118,mm,m,,
939,x,poly,118,mm,m,,
939,y,poly,118,mm,m,,
947,x,poly,118,mm,m,,
947,y,poly,118,mm,m,,
961,x,poly,118,mm,m,,
961,y,poly,118,mm,m,,
971,x,poly,118,mm,m,,
971,y,poly,118,mm,m,,
981,x,poly,118,mm,m,,
981,y,poly,118,mm,m,,
1009,x,poly,118,mm,m,,
1009,y,poly,118,mm,m,,
1025,x,poly,118,mm,m,,
1025,y,poly,118,mm,m,,
1031,x,poly,118,mm,m,,
1031,y,poly,118,mm,m,,
1039,x,poly,118,mm,m,,
1039,y,poly,118,mm,m,,
1055,x,poly,118,mm,m,,
1055,y,poly,118,mm,m,,
1065,x,poly,118,mm,m,,
1065,y,poly,118,mm,m,,
1075,x,poly,118,mm,m,,
1075,y,poly,118,mm,m,,
1090,x,poly,118,mm,m,,
1090,y,poly,118,mm,m,,
1106,x,poly,118,mm,m,,
1106,y,poly,118,mm,m,,
1112,x,poly,118,mm,m,,
1112,y,poly,118,mm,m,,
1120,x,poly,118,mm,m,,
1120,y,poly,118,mm,m,,
1134,x,poly,118,mm,m,,
1134,y,poly,118,mm,m,,
1144,x,poly,118,mm,m,,
1144,y,poly,118,mm,m,,
1160,x,poly,118,mm,m,,
1160,y,poly,118,mm,m,,
1172,x,poly,118,mm,m,,
1172,y,poly,118,mm,m,,
1185,x,poly,118,mm,m,,
1185,y,poly,118,mm,m,,
1200,x,poly,118,mm,m,,
1200,y,poly,118,mm,m,,
1222,x,poly,118,mm,m,,
1222,y,poly,118,mm,m,,
1228,x,poly,118,mm,m,,
1228,y,poly,118,mm,m,,
1236,x,poly,118,mm,m,,
1236,y,poly,118,mm,m,,
1250,x,poly,118,mm,m,,
1250,y,poly,118,mm,m,,
1260,x,poly,118,mm,m,,
1260,y,poly,118,mm,m,,
1270,x,poly,118,mm,m,,
1270,y,poly,118,mm,m,,
1284,x,poly,118,mm,m,,
1284,y,poly,118,mm,m,,
1300,x,poly,118,mm,m,,
1300,y,poly,118,mm,m,,
1306,x,poly,118,mm,m,,
1306,y,poly,118,mm,m,,
1314,x,poly,118,mm,m,,
1314,y,poly,118,mm,m,,
1328,x,poly,118,mm,m,,
1328,y,poly,118,mm,m,,
1338,x,poly,118,mm,m,,
1338,y,poly,118,mm,m,,
1348,x,poly,118,mm,m,,
1348,y,poly,118,mm,m,,
1363,x,poly,118,mm,m,,
1363,y,poly,118,mm,m,,
1379,x,poly,118,mm,m,,
1379,y,poly,118,mm,m,,
1385,x,poly,118,mm,m,,
1385,y,poly,118,mm,m,,
1393,x,poly,118,mm,m,,
1393,y,poly,118,mm,m,,
1407,x,poly,118,mm,m,,
1407,y,poly,118,mm,m,,
1417,x,poly,118,mm,m,,
1417,y,poly,118,mm,m,,
1427,x,poly,118,mm,m,,
1427,y,poly,118,mm,m,,
1443,x,poly,118,mm,m,,
1443,y,poly,118,mm,m,,
1459,x,poly,118,mm,m,,
1459,y,poly,118,mm,m,,
1465,x,poly,118,mm,m,,
1465,y,poly,118,mm,m,,
1473,x,poly,118,mm,m,,
1473,y,poly,118,mm,m,,
1487,x,poly,118,mm,m,,
1487,y,poly,118,mm,m,,
1498,x,poly,118,mm,m,,
1498,y,poly,118,mm,m,,
1508,x,poly,118,mm,m,,
1508,y,poly,118,mm,m,,
1513,x,poly,118,mm,m,,
1513,y,poly,118,mm,m,,
1529,x,poly,118,mm,m,,
1529,y,poly,118,mm,m,,
1535,x,poly,118,mm,m,,
1535,y,poly,118,mm,m,,
1543,x,poly,118,mm,m,,
1543,y,poly,118,mm,m,,
1557,x,poly,118,mm,m,,
1557,y,poly,118,mm,m,,
1567,x,poly,118,mm,m,,
1567,y,poly,118,mm,m,,
1577,x,poly,118,mm,m,,
1577,y,poly,118,mm,m,,
1593,x,poly,118,mm,m,,
1593,y,poly,118,mm,m,,
1609,x,poly,118,mm,m,,
1609,y,poly,118,mm,m,,
1615,x,poly,118,mm,m,,
1615,y,poly,118,mm,m,,
1623,x,poly,118,mm,m,,
1623,y,poly,118,mm,m,,
1637,x,poly,118,mm,m,,
1637,y,poly,118,mm,m,,
1648,x,poly,118,mm,m,,
1648,y,poly,118,mm,m,,
1658,x,poly,118,mm,m,,
1658,y,poly,118,mm,m,,
1686,x,poly,118,mm,m,,
1686,y,poly,118,mm,m,,
1702,x,poly,118,mm,m,,
1702,y,poly,118,mm,m,,
1708,x,poly,118,mm,m,,
1708,y,poly,118,mm,m,,
1716,x,poly,118,mm,m,,
1716,y,poly,118,mm,m,,
1730,x,poly,118,mm,m,,
1730,y,poly,118,mm,m,,
1740,x,poly,118,mm,m,,
1740,y,poly,118,mm,m,,
1750,x,poly,118,mm,m,,
1750,y,poly,118,mm,m,,
1794,x,poly,118,mm,m,,
1794,y,poly,118,mm,m,,
1811,x,poly,118,mm,m,,
1811,y,poly,118,mm,m,,
1817,x,poly,118,mm,m,,
1817,y,poly,118,mm,m,,
1825,x,poly,118,mm,m,,
1825,y,poly,118,mm,m,,
1839,x,poly,118,mm,m,,
1839,y,poly,118,mm,m,,
1849,x,poly,118,mm,m,,
1849,y,poly,118,mm,m,,
1859,x,poly,118,mm,m,,
1859,y,poly,118,mm,m,,
1873,x,poly,118,mm,m,,
1873,y,poly,118,mm,m,,
1889,x,poly,118,mm,m,,
1889,y,poly,118,mm,m,,
1895,x,poly,118,mm,m,,
1895,y,poly,118,mm,m,,
1903,x,poly,118,mm,m,,
1903,y,poly,118,mm,m,,
1917,x,poly,118,mm,m,,
1917,y,poly,118,mm,m,,
1928,x,poly,118,mm,m,,
1928,y,poly,118,mm,m,,
1938,x,poly,118,mm,m,,
1938,y,poly,118,mm,m,,
1952,x,poly,118,mm,m,,
1952,y,poly,118,mm,m,,
1968,x,poly,118,mm,m,,
1968,y,poly,118,mm,m,,
1974,x,poly,118,mm,m,,
1974,y,poly,118,mm,m,,
1982,x,poly,118,mm,m,,
1982,y,poly,118,mm,m,,
1996,x,poly,118,mm,m,,
1996,y,poly,118,mm,m,,
2007,x,poly,118,mm,m,,
2007,y,poly,118,mm,m,,
2017,x,poly,118,mm,m,,
2017,y,poly,118,mm,m,,
2031,x,poly,118,mm,m,,
2031,y,poly,118,mm,m,,
2047,x,poly,118,mm,m,,
2047,y,poly,118,mm,m,,
2053,x,poly,118,mm,m,,
2053,y,poly,118,mm,m,,
2061,x,poly,118,mm,m,,
2061,y,poly,118,mm,m,,
2075,x,poly,118,mm,m,,
2075,y,poly,118,mm,m,,
2086,x,poly,118,mm,m,,
2086,y,poly,118,mm,m,,
2096,x,poly,118,mm,m,,
2096,y,poly,118,mm,m,,
2124,x,poly,118,mm,m,,
2124,y,poly,118,mm,m,,
2140,x,poly,118,mm,m,,
2140,y,poly,118,mm,m,,
2146,x,poly,118,mm,m,,
2146,y,poly,118,mm,m,,
2154,x,poly,118,mm,m,,
2154,y,poly,118,mm,m,,
2168,x,poly,118,mm,m,,
2168,y,poly,118,mm,m,,
2179,x,poly,118,mm,m,,
2179,y,poly,118,mm,m,,
2189,x,poly,118,mm,m,,
2189,y,poly,118,mm,m,,
75,x_kick,poly,119,,A,-5,5
82,x_kick,poly,120,,A,-5,5
150,x_kick,poly,121,,A,-5,5
157,x_kick,poly,122,,A,-5,5
226,x_kick,poly,123,,A,-5,5
233,x_kick,poly,124,,A,-5,5
320,x_kick,poly,125,,A,-5,5
325,x_kick,poly,126,,A,-5,5
332,x_kick,poly,127,,A,-5,5
337,x_kick,poly,128,,A,-5,5
412,x_kick,poly,129,,A,-5,5
419,x_kick,poly,130,,A,-5,5
493,x_kick,poly,131,,A,-5,5
500,x_kick,poly,132,,A,-5,5
504,x_kick,poly,133,,A,-5,5
511,x_kick,poly,134,,A,-5,5
588,x_kick,poly,135,,A,-5,5
595,x_kick,poly,136,,A,-5,5
676,x_kick,poly,137,,A,-5,5
683,x_kick,poly,138,,A,-5,5
759,x_kick,poly,139,,A,-5,5
766,x_kick,poly,140,,A,-5,5
787,x_kick,poly,141,,A,-5,5
794,x_kick,poly,142,,A,-5,5
878,x_kick,poly,143,,A,-5,5
885,x_kick,poly,144,,A,-5,5
898,x_kick,poly,145,,A,-5,5
905,x_kick,poly,146,,A,-5,5
989,x_kick,poly,147,,A,-5,5
996,x_kick,poly,148,,A,-5,5
1079,x_kick,poly,149,,A,-5,5
1085,x_kick,poly,150,,A,-5,5
1162,x_kick,poly,151,,A,-5,5
1169,x_kick,poly,152,,A,-5,5
1190,x_kick,poly,153,,A,-5,5
1197,x_kick,poly,154,,A,-5,5
1273,x_kick,poly,155,,A,-5,5
1280,x_kick,poly,156,,A,-5,5
1352,x_kick,poly,157,,A,-5,5
1358,x_kick,poly,158,,A,-5,5
1431,x_kick,poly,159,,A,-5,5
1438,x_kick,poly,160,,A,-5,5
1581,x_kick,poly,161,,A,-5,5
1588,x_kick,poly,162,,A,-5,5
1666,x_kick,poly,163,,A,-5,5
1673,x_kick,poly,164,,A,-5,5
1760,x_kick,poly,165,,A,-5,5
1770,x_kick,poly,166,,A,-5,5
1779,x_kick,poly,167,,A,-5,5
1784,x_kick,poly,168,,A,-5,5
1862,x_kick,poly,169,,A,-5,5
1869,x_kick,poly,170,,A,-5,5
1941,x_kick,poly,171,,A,-5,5
1948,x_kick,poly,172,,A,-5,5
2020,x_kick,poly,173,,A,-5,5
2027,x_kick,poly,174,,A,-5,5
2104,x_kick,poly,175,,A,-5,5
2111,x_kick,poly,176,,A,-5,5
76,x_kick,poly,177,,A,-5,5
83,x_kick,poly,178,,A,-5,5
151,x_kick,poly,179,,A,-5,5
158,x_kick,poly,180,,A,-5,5
227,x_kick,poly,181,,A,-5,5
234,x_kick,poly,182,,A,-5,5
321,x_kick,poly,183,,A,-5,5
326,x_kick,poly,184,,A,-5,5
333,x_kick,poly,185,,A,-5,5
338,x_kick,poly,186,,A,-5,5
413,x_kick,poly,187,,A,-5,5
420,x_kick,poly,188,,A,-5,5
494,x_kick,poly,189,,A,-5,5
501,x_kick,poly,190,,A,-5,5
505,x_kick,poly,191,,A,-5,5
512,x_kick,poly,192,,A,-5,5
589,x_kick,poly,193,,A,-5,5
596,x_kick,poly,194,,A,-5,5
677,x_kick,poly,195,,A,-5,5
684,x_kick,poly,196,,A,-5,5
760,x_kick,poly,197,,A,-5,5
767,x_kick,poly,198,,A,-5,5
788,x_kick,poly,199,,A,-5,5
795,x_kick,poly,200,,A,-5,5
879,x_kick,poly,201,,A,-5,5
886,x_kick,poly,202,,A,-5,5
899,x_kick,poly,203,,A,-5,5
906,x_kick,poly,204,,A,-5,5
990,x_kick,poly,205,,A,-5,5
997,x_kick,poly,206,,A,-5,5
1080,x_kick,poly,207,,A,-5,5
1086,x_kick,poly,208,,A,-5,5
1163,x_kick,poly,209,,A,-5,5
1170,x_kick,poly,210,,A,-5,5
1191,x_kick,poly,211,,A,-5,5
1198,x_kick,poly,212,,A,-5,5
1274,x_kick,poly,213,,A,-5,5
1281,x_kick,poly,214,,A,-5,5
1353,x_kick,poly,215,,A,-5,5
1359,x_kick,poly,216,,A,-5,5
1432,x_kick,poly,217,,A,-5,5
1439,x_kick,poly,218,,A,-5,5
1582,x_kick,poly,219,,A,-5,5
1589,x_kick,poly,220,,A,-5,5
1667,x_kick,poly,221,,A,-5,5
1674,x_kick,poly,222,,A,-5,5
1761,x_kick,poly,223,,A,-5,5
1771,x_kick,poly,224,,A,-5,5
1780,x_kick,poly,225,,A,-5,5
1785,x_kick,poly,226,,A,-5,5
1863,x_kick,poly,227,,A,-5,5
1870,x_kick,poly,228,,A,-5,5
1942,x_kick,poly,229,,A,-5,5
1949,x_kick,poly,230,,A,-5,5
2021,x_kick,poly,231,,A,-5,5
2028,x_kick,poly,232,,A,-5,5
2105,x_kick,poly,233,,A,-5,5
2112,x_kick,poly,234,,A,-5,5
8,a1,pchip,235,m^-2,A,-5,5
28,a1,pchip,236,m^-2,A,-5,5
42,a1,pchip,237,m^-2,A,-5,5
62,a1,pchip,238,m^-2,A,-5,5
101,a1,pchip,239,m^-2,A,-5,5
126,a1,pchip,240,m^-2,A,-5,5
130,a1,pchip,241,m^-2,A,-5,5
185,a1,pchip,242,m^-2,A,-5,5
189,a1,pchip,243,m^-2,A,-5,5
208,a1,pchip,244,m^-2,A,-5,5
251,a1,pchip,245,m^-2,A,-5,5
271,a1,pchip,246,m^-2,A,-5,5
285,a1,pchip,247,m^-2,A,-5,5
305,a1,pchip,248,m^-2,A,-5,5
349,a1,pchip,249,m^-2,A,-5,5
369,a1,pchip,250,m^-2,A,-5,5
383,a1,pchip,251,m^-2,A,-5,5
403,a1,pchip,252,m^-2,A,-5,5
430,a1,pchip,253,m^-2,A,-5,5
450,a1,pchip,254,m^-2,A,-5,5
464,a1,pchip,255,m^-2,A,-5,5
484,a1,pchip,256,m^-2,A,-5,5
521,a1,pchip,257,m^-2,A,-5,5
541,a1,pchip,258,m^-2,A,-5,5
555,a1,pchip,259,m^-2,A,-5,5
575,a1,pchip,260,m^-2,A,-5,5
613,a1,pchip,261,m^-2,A,-5,5
633,a1,pchip,262,m^-2,A,-5,5
647,a1,pchip,263,m^-2,A,-5,5
668,a1,pchip,264,m^-2,A,-5,5
692,a1,pchip,265,m^-2,A,-5,5
712,a1,pchip,266,m^-2,A,-5,5
726,a1,pchip,267,m^-2,A,-5,5
746,a1,pchip,268,m^-2,A,-5,5
808,a1,pchip,269,m^-2,A,-5,5
828,a1,pchip,270,m^-2,A,-5,5
842,a1,pchip,271,m^-2,A,-5,5
862,a1,pchip,272,m^-2,A,-5,5
922,a1,pchip,273,m^-2,A,-5,5
942,a1,pchip,274,m^-2,A,-5,5
956,a1,pchip,275,m^-2,A,-5,5
976,a1,pchip,276,m^-2,A,-5,5
1014,a1,pchip,277,m^-2,A,-5,5
1034,a1,pchip,278,m^-2,A,-5,5
1042,a1,pchip,279,m^-2,A,-5,5
1070,a1,pchip,280,m^-2,A,-5,5
1095,a1,pchip,281,m^-2,A,-5,5
1115,a1,pchip,282,m^-2,A,-5,5
1129,a1,pchip,283,m^-2,A,-5,5
1149,a1,pchip,284,m^-2,A,-5,5
1211,a1,pchip,285,m^-2,A,-5,5
1231,a1,pchip,286,m^-2,A,-5,5
1245,a1,pchip,287,m^-2,A,-5,5
1265,a1,pchip,288,m^-2,A,-5,5
1289,a1,pchip,289,m^-2,A,-5,5
1309,a1,pchip,290,m^-2,A,-5,5
1323,a1,pchip,291,m^-2,A,-5,5
1343,a1,pchip,292,m^-2,A,-5,5
1368,a1,pchip,293,m^-2,A,-5,5
1388,a1,pchip,294,m^-2,A,-5,5
1402,a1,pchip,295,m^-2,A,-5,5
1422,a1,pchip,296,m^-2,A,-5,5
1448,a1,pchip,297,m^-2,A,-5,5
1468,a1,pchip,298,m^-2,A,-5,5
1482,a1,pchip,299,m^-2,A,-5,5
1503,a1,pchip,300,m^-2,A,-5,5
1518,a1,pchip,301,m^-2,A,-5,5
1538,a1,pchip,302,m^-2,A,-5,5
1552,a1,pchip,303,m^-2,A,-5,5
1572,a1,pchip,304,m^-2,A,-5,5
1598,a1,pchip,305,m^-2,A,-5,5
1618,a1,pchip,306,m^-2,A,-5,5
1632,a1,pchip,307,m^-2,A,-5,5
1653,a1,pchip,308,m^-2,A,-5,5
1691,a1,pchip,309,m^-2,A,-5,5
1711,a1,pchip,310,m^-2,A,-5,5
1725,a1,pchip,311,m^-2,A,-5,5
1745,a1,pchip,312,m^-2,A,-5,5
1800,a1,pchip,313,m^-2,A,-5,5
1820,a1,pchip,314,m^-2,A,-5,5
1834,a1,pchip,315,m^-2,A,-5,5
1854,a1,pchip,316,m^-2,A,-5,5
1878,a1,pchip,317,m^-2,A,-5,5
1898,a1,pchip,318,m^-2,A,-5,5
1912,a1,pchip,319,m^-2,A,-5,5
1933,a1,pchip,320,m^-2,A,-5,5
1957,a1,pchip,321,m^-2,A,-5,5
1977,a1,pchip,322,m^-2,A,-5,5
1991,a1,pchip,323,m^-2,A,-5,5
2012,a1,pchip,324,m^-2,A,-5,5
2036,a1,pchip,325,m^-2,A,-5,5
2056,a1,pchip,326,m^-2,A,-5,5
2070,a1,pchip,327,m^-2,A,-5,5
2091,a1,pchip,328,m^-2,A,-5,5
2129,a1,pchip,329,m^-2,A,-5,5
2149,a1,pchip,330,m^-2,A,-5,5
2163,a1,pchip,331,m^-2,A,-5,5
2184,a1,pchip,332,m^-2,A,-5,5
8,x_kick,poly,333,,A,-5,5
16,x_kick,poly,334,,A,-5,5
28,x_kick,poly,335,,A,-5,5
36,x_kick,poly,336,,A,-5,5
42,x_kick,poly,337,,A,-5,5
52,x_kick,poly,338,,A,-5,5
62,x_kick,poly,339,,A,-5,5
101,x_kick,poly,340,,A,-5,5
126,x_kick,poly,341,,A,-5,5
130,x_kick,poly,342,,A,-5,5
139,x_kick,poly,343,,A,-4,4
165,x_kick,poly,344,,A,-4,4
185,x_kick,poly,345,,A,-5,5
189,x_kick,poly,346,,A,-5,5
208,x_kick,poly,347,,A,-5,5
251,x_kick,poly,348,,A,-5,5
259,x_kick,poly,349,,A,-5,5
271,x_kick,poly,350,,A,-5,5
279,x_kick,poly,351,,A,-5,5
285,x_kick,poly,352,,A,-5,5
295,x_kick,poly,353,,A,-5,5
305,x_kick,poly,354,,A,-5,5
349,x_kick,poly,355,,A,-5,5
357,x_kick,poly,356,,A,-5,5
369,x_kick,poly,357,,A,-5,5
377,x_kick,poly,358,,A,-5,5
383,x_kick,poly,359,,A,-5,5
393,x_kick,poly,360,,A,-5,5
403,x_kick,poly,361,,A,-5,5
430,x_kick,poly,362,,A,-5,5
438,x_kick,poly,363,,A,-5,5
450,x_kick,poly,364,,A,-5,5
458,x_kick,poly,365,,A,-5,5
464,x_kick,poly,366,,A,-5,5
474,x_kick,poly,367,,A,-5,5
484,x_kick,poly,368,,A,-5,5
521,x_kick,poly,369,,A,-5,5
529,x_kick,poly,370,,A,-5,5
541,x_kick,poly,371,,A,-5,5
549,x_kick,poly,372,,A,-5,5
555,x_kick,poly,373,,A,-5,5
565,x_kick,poly,374,,A,-5,5
575,x_kick,poly,375,,A,-5,5
613,x_kick,poly,376,,A,-5,5
621,x_kick,poly,377,,A,-5,5
633,x_kick,poly,378,,A,-5,5
641,x_kick,poly,379,,A,-5,5
647,x_kick,poly,380,,A,-5,5
658,x_kick,poly,381,,A,-5,5
668,x_kick,poly,382,,A,-5,5
692,x_kick,poly,383,,A,-5,5
700,x_kick,poly,384,,A,-5,5
712,x_kick,poly,385,,A,-5,5
720,x_kick,poly,386,,A,-5,5
726,x_kick,poly,387,,A,-5,5
736,x_kick,poly,388,,A,-5,5
746,x_kick,poly,389,,A,-5,5
771,x_kick,poly,390,,A,-5,5
784,x_kick,poly,391,,A,-20,20
808,x_kick,poly,392,,A,-5,5
816,x_kick,poly,393,,A,-5,5
828,x_kick,poly,394,,A,-5,5
836,x_kick,poly,395,,A,-5,5
842,x_kick,poly,396,,A,-5,5
852,x_kick,poly,397,,A,-5,5
862,x_kick,poly,398,,A,-5,5
922,x_kick,poly,399,,A,-5,5
930,x_kick,poly,400,,A,-5,5
942,x_kick,poly,401,,A,-5,5
950,x_kick,poly,402,,A,-5,5
956,x_kick,poly,403,,A,-5,5
966,x_kick,poly,404,,A,-5,5
976,x_kick,poly,405,,A,-5,5
1014,x_kick,poly,406,,A,-5,5
1022,x_kick,poly,407,,A,-5,5
1034,x_kick,poly,408,,A,-5,5
1042,x_kick,poly,409,,A,-5,5
1060,x_kick,poly,410,,A,-5,5
1070,x_kick,poly,411,,A,-5,5
1095,x_kick,poly,412,,A,-5,5
1103,x_kick,poly,413,,A,-5,5
1115,x_kick,poly,414,,A,-5,5
1123,x_kick,poly,415,,A,-5,5
1129,x_kick,poly,416,,A,-5,5
1139,x_kick,poly,417,,A,-5,5
1149,x_kick,poly,418,,A,-5,5
1174,x_kick,poly,419,,A,-5,5
1187,x_kick,poly,420,,A,-20,20
1211,x_kick,poly,421,,A,-5,5
1219,x_kick,poly,422,,A,-5,5
1231,x_kick,poly,423,,A,-5,5
1239,x_kick,poly,424,,A,-5,5
1245,x_kick,poly,425,,A,-5,5
1255,x_kick,poly,426,,A,-5,5
1265,x_kick,poly,427,,A,-5,5
1289,x_kick,poly,428,,A,-5,5
1297,x_kick,poly,429,,A,-5,5
1309,x_kick,poly,430,,A,-5,5
1317,x_kick,poly,431,,A,-5,5
1323,x_kick,poly,432,,A,-5,5
1333,x_kick,poly,433,,A,-5,5
1343,x_kick,poly,434,,A,-5,5
1368,x_kick,poly,435,,A,-5,5
1376,x_kick,poly,436,,A,-5,5
1388,x_kick,poly,437,,A,-5,5
1396,x_kick,poly,438,,A,-5,5
1402,x_kick,poly,439,,A,-5,5
1412,x_kick,poly,440,,A,-5,5
1422,x_kick,poly,441,,A,-5,5
1448,x_kick,poly,442,,A,-5,5
1456,x_kick,poly,443,,A,-5,5
1468,x_kick,poly,444,,A,-5,5
1476,x_kick,poly,445,,A,-5,5
1482,x_kick,poly,446,,A,-5,5
1493,x_kick,poly,447,,A,-5,5
1503,x_kick,poly,448,,A,-5,5
1518,x_kick,poly,449,,A,-5,5
1526,x_kick,poly,450,,A,-5,5
1538,x_kick,poly,451,,A,-5,5
1546,x_kick,poly,452,,A,-5,5
1552,x_kick,poly,453,,A,-5,5
1562,x_kick,poly,454,,A,-5,5
1572,x_kick,poly,455,,A,-5,5
1598,x_kick,poly,456,,A,-5,5
1606,x_kick,poly,457,,A,-5,5
1618,x_kick,poly,458,,A,-5,5
1626,x_kick,poly,459,,A,-5,5
1632,x_kick,poly,460,,A,-5,5
1643,x_kick,poly,461,,A,-5,5
1653,x_kick,poly,462,,A,-5,5
1691,x_kick,poly,463,,A,-5,5
1699,x_kick,poly,464,,A,-5,5
1711,x_kick,poly,465,,A,-5,5
1719,x_kick,poly,466,,A,-5,5
1725,x_kick,poly,467,,A,-5,5
1735,x_kick,poly,468,,A,-5,5
1745,x_kick,poly,469,,A,-5,5
1800,x_kick,poly,470,,A,-5,5
1808,x_kick,poly,471,,A,-5,5
1820,x_kick,poly,472,,A,-5,5
1828,x_kick,poly,473,,A,-5,5
1834,x_kick,poly,474,,A,-5,5
1844,x_kick,poly,475,,A,-5,5
1854,x_kick,poly,476,,A,-5,5
1878,x_kick,poly,477,,A,-5,5
1886,x_kick,poly,478,,A,-5,5
1898,x_kick,poly,479,,A,-5,5
1906,x_kick,poly,480,,A,-5,5
1912,x_kick,poly,481,,A,-5,5
1923,x_kick,poly,482,,A,-5,5
1933,x_kick,poly,483,,A,-5,5
1957,x_kick,poly,484,,A,-5,5
1965,x_kick,poly,485,,A,-5,5
1977,x_kick,poly,486,,A,-5,5
1985,x_kick,poly,487,,A,-5,5
1991,x_kick,poly,488,,A,-5,5
2002,x_kick,poly,489,,A,-5,5
2012,x_kick,poly,490,,A,-5,5
2036,x_kick,poly,491,,A,-5,5
2044,x_kick,poly,492,,A,-5,5
2056,x_kick,poly,493,,A,-5,5
2064,x_kick,poly,494,,A,-5,5
2070,x_kick,poly,495,,A,-5,5
2081,x_kick,poly,496,,A,-5,5
2091,x_kick,poly,497,,A,-5,5
2129,x_kick,poly,498,,A,-5,5
2137,x_kick,poly,499,,A,-5,5
2149,x_kick,poly,500,,A,-5,5
2157,x_kick,poly,501,,A,-5,5
2163,x_kick,poly,502,,A,-5,5
2174,x_kick,poly,503,,A,-5,5
2184,x_kick,poly,504,,A,-5,5
8,y_kick,poly,505,,A,-5,5
16,y_kick,poly,506,,A,-5,5
28,y_kick,poly,507,,A,-5,5
36,y_kick,poly,508,,A,-5,5
42,y_kick,poly,509,,A,-5,5
52,y_kick,poly,510,,A,-5,5
62,y_kick,poly,511,,A,-5,5
101,y_kick,poly,512,,A,-5,5
126,y_kick,poly,513,,A,-5,5
130,y_kick,poly,514,,A,-5,5
140,y_kick,poly,515,,A,-4,4
166,y_kick,poly,516,,A,-4,4
185,y_kick,poly,517,,A,-5,5
189,y_kick,poly,518,,A,-5,5
208,y_kick,poly,519,,A,-5,5
251,y_kick,poly,520,,A,-5,5
259,y_kick,poly,521,,A,-5,5
271,y_kick,poly,522,,A,-5,5
279,y_kick,poly,523,,A,-5,5
285,y_kick,poly,524,,A,-5,5
295,y_kick,poly,525,,A,-5,5
305,y_kick,poly,526,,A,-5,5
349,y_kick,poly,527,,A,-5,5
357,y_kick,poly,528,,A,-5,5
369,y_kick,poly,529,,A,-5,5
377,y_kick,poly,530,,A,-5,5
383,y_kick,poly,531,,A,-5,5
393,y_kick,poly,532,,A,-5,5
403,y_kick,poly,533,,A,-5,5
430,y_kick,poly,534,,A,-5,5
438,y_kick,poly,535,,A,-5,5
450,y_kick,poly,536,,A,-5,5
458,y_kick,poly,537,,A,-5,5
464,y_kick,poly,538,,A,-5,5
474,y_kick,poly,539,,A,-5,5
484,y_kick,poly,540,,A,-5,5
521,y_kick,poly,541,,A,-5,5
529,y_kick,poly,542,,A,-5,5
541,y_kick,poly,543,,A,-5,5
549,y_kick,poly,544,,A,-5,5
555,y_kick,poly,545,,A,-5,5
565,y_kick,poly,546,,A,-5,5
575,y_kick,poly,547,,A,-5,5
613,y_kick,poly,548,,A,-5,5
621,y_kick,poly,549,,A,-5,5
633,y_kick,poly,550,,A,-5,5
641,y_kick,poly,551,,A,-5,5
647,y_kick,poly,552,,A,-5,5
658,y_kick,poly,553,,A,-5,5
668,y_kick,poly,554,,A,-5,5
692,y_kick,poly,555,,A,-5,5
700,y_kick,poly,556,,A,-5,5
712,y_kick,poly,557,,A,-5,5
720,y_kick,poly,558,,A,-5,5
726,y_kick,poly,559,,A,-5,5
736,y_kick,poly,560,,A,-5,5
746,y_kick,poly,561,,A,-5,5
772,y_kick,poly,562,,A,-5,5
785,y_kick,poly,563,,A,-20,20
808,y_kick,poly,564,,A,-5,5
816,y_kick,poly,565,,A,-5,5
828,y_kick,poly,566,,A,-5,5
836,y_kick,poly,567,,A,-5,5
842,y_kick,poly,568,,A,-5,5
852,y_kick,poly,569,,A,-5,5
862,y_kick,poly,570,,A,-5,5
922,y_kick,poly,571,,A,-5,5
930,y_kick,poly,572,,A,-5,5
942,y_kick,poly,573,,A,-5,5
950,y_kick,poly,574,,A,-5,5
956,y_kick,poly,575,,A,-5,5
966,y_kick,poly,576,,A,-5,5
976,y_kick,poly,577,,A,-5,5
1014,y_kick,poly,578,,A,-5,5
1022,y_kick,poly,579,,A,-5,5
1034,y_kick,poly,580,,A,-5,5
1042,y_kick,poly,581,,A,-5,5
1060,y_kick,poly,582,,A,-5,5
1070,y_kick,poly,583,,A,-5,5
1095,y_kick,poly,584,,A,-5,5
1103,y_kick,poly,585,,A,-5,5
1115,y_kick,poly,586,,A,-5,5
1123,y_kick,poly,587,,A,-5,5
1129,y_kick,poly,588,,A,-5,5
1139,y_kick,poly,589,,A,-5,5
1149,y_kick,poly,590,,A,-5,5
1175,y_kick,poly,591,,A,-5,5
1188,y_kick,poly,592,,A,-20,20
1211,y_kick,poly,593,,A,-5,5
1219,y_kick,poly,594,,A,-5,5
1231,y_kick,poly,595,,A,-5,5
1239,y_kick,poly,596,,A,-5,5
1245,y_kick,poly,597,,A,-5,5
1255,y_kick,poly,598,,A,-5,5
1265,y_kick,poly,599,,A,-5,5
1289,y_kick,poly,600,,A,-5,5
1297,y_kick,poly,601,,A,-5,5
1309,y_kick,poly,602,,A,-5,5
1317,y_kick,poly,603,,A,-5,5
1323,y_kick,poly,604,,A,-5,5
1333,y_kick,poly,605,,A,-5,5
1343,y_kick,poly,606,,A,-5,5
1368,y_kick,poly,607,,A,-5,5
1376,y_kick,poly,608,,A,-5,5
1388,y_kick,poly,609,,A,-5,5
1396,y_kick,poly,610,,A,-5,5
1402,y_kick,poly,611,,A,-5,5
1412,y_kick,poly,612,,A,-5,5
1422,y_kick,poly,613,,A,-5,5
1448,y_kick,poly,614,,A,-5,5
1456,y_kick,poly,615,,A,-5,5
1468,y_kick,poly,616,,A,-5,5
1476,y_kick,poly,617,,A,-5,5
1482,y_kick,poly,618,,A,-5,5
1493,y_kick,poly,619,,A,-5,5
1503,y_kick,poly,620,,A,-5,5
1518,y_kick,poly,621,,A,-5,5
1526,y_kick,poly,622,,A,-5,5
1538,y_kick,poly,623,,A,-5,5
1546,y_kick,poly,624,,A,-5,5
1552,y_kick,poly,625,,A,-5,5
1562,y_kick,poly,626,,A,-5,5
1572,y_kick,poly,627,,A,-5,5
1598,y_kick,poly,628,,A,-5,5
1606,y_kick,poly,629,,A,-5,5
1618,y_kick,poly,630,,A,-5,5
1626,y_kick,poly,631,,A,-5,5
1632,y_kick,poly,632,,A,-5,5
1643,y_kick,poly,633,,A,-5,5
1653,y_kick,poly,634,,A,-5,5
1691,y_kick,poly,635,,A,-5,5
1699,y_kick,poly,636,,A,-5,5
1711,y_kick,poly,637,,A,-5,5
1719,y_kick,poly,638,,A,-5,5
1725,y_kick,poly,639,,A,-5,5
1735,y_kick,poly,640,,A,-5,5
1745,y_kick,poly,641,,A,-5,5
1800,y_kick,poly,642,,A,-5,5
1808,y_kick,poly,643,,A,-5,5
1820,y_kick,poly,644,,A,-5,5
1828,y_kick,poly,645,,A,-5,5
1834,y_kick,poly,646,,A,-5,5
1844,y_kick,poly,647,,A,-5,5
1854,y_kick,poly,648,,A,-5,5
1878,y_kick,poly,649,,A,-5,5
1886,y_kick,poly,650,,A,-5,5
1898,y_kick,poly,651,,A,-5,5
1906,y_kick,poly,652,,A,-5,5
1912,y_kick,poly,653,,A,-5,5
1923,y_kick,poly,654,,A,-5,5
1933,y_kick,poly,655,,A,-5,5
1957,y_kick,poly,656,,A,-5,5
1965,y_kick,poly,657,,A,-5,5
1977,y_kick,poly,658,,A,-5,5
1985,y_kick,poly,659,,A,-5,5
1991,y_kick,poly,660,,A,-5,5
2002,y_kick,poly,661,,A,-5,5
2012,y_kick,poly,662,,A,-5,5
2036,y_kick,poly,663,,A,-5,5
2044,y_kick,poly,664,,A,-5,5
2056,y_kick,poly,665,,A,-5,5
2064,y_kick,poly,666,,A,-5,5
2070,y_kick,poly,667,,A,-5,5
2081,y_kick,poly,668,,A,-5,5
2091,y_kick,poly,669,,A,-5,5
2129,y_kick,poly,670,,A,-5,5
2137,y_kick,poly,671,,A,-5,5
2149,y_kick,poly,672,,A,-5,5
2157,y_kick,poly,673,,A,-5,5
2163,y_kick,poly,674,,A,-5,5
2174,y_kick,poly,675,,A,-5,5
2184,y_kick,poly,676,,A,-5,5
