el_id,field,uc_type,uc_id,phys_units,eng_units
0,energy,poly,0,Gev,Mev
0,s_position,null,0,m,m
0,beta,null,0,m,m
0,dispersion,null,0,m,m
0,emittance_x,null,0,nm,nm
0,emittance_y,null,0,pm,pm
0,beam_current,null,0,A,A
111,db0,null,0,m^-1,A
189,db0,null,0,m^-1,A
136,db0,null,0,m^-1,A
164,db0,null,0,m^-1,A
1492,f,null,0,Hz,Hz
5,b1,pchip,1,m^-2,A
404,b1,pchip,1,m^-2,A
425,b1,pchip,1,m^-2,A
747,b1,pchip,1,m^-2,A
803,b1,pchip,1,m^-2,A
1135,b1,pchip,1,m^-2,A
1191,b1,pchip,1,m^-2,A
1488,b1,pchip,1,m^-2,A
1497,b1,pchip,1,m^-2,A
1825,b1,pchip,1,m^-2,A
1843,b1,pchip,1,m^-2,A
2141,b1,pchip,1,m^-2,A
11,b1,pchip,2,m^-2,A
398,b1,pchip,2,m^-2,A
431,b1,pchip,2,m^-2,A
741,b1,pchip,2,m^-2,A
809,b1,pchip,2,m^-2,A
1129,b1,pchip,2,m^-2,A
1197,b1,pchip,2,m^-2,A
1482,b1,pchip,2,m^-2,A
1503,b1,pchip,2,m^-2,A
1819,b1,pchip,2,m^-2,A
1849,b1,pchip,2,m^-2,A
2135,b1,pchip,2,m^-2,A
13,b1,pchip,3,m^-2,A
394,b1,pchip,3,m^-2,A
433,b1,pchip,3,m^-2,A
737,b1,pchip,3,m^-2,A
811,b1,pchip,3,m^-2,A
1125,b1,pchip,3,m^-2,A
1199,b1,pchip,3,m^-2,A
1478,b1,pchip,3,m^-2,A
1505,b1,pchip,3,m^-2,A
1815,b1,pchip,3,m^-2,A
1851,b1,pchip,3,m^-2,A
2131,b1,pchip,3,m^-2,A
23,b1,pchip,4,m^-2,A
384,b1,pchip,4,m^-2,A
443,b1,pchip,4,m^-2,A
727,b1,pchip,4,m^-2,A
821,b1,pchip,4,m^-2,A
1115,b1,pchip,4,m^-2,A
1209,b1,pchip,4,m^-2,A
1467,b1,pchip,4,m^-2,A
1515,b1,pchip,4,m^-2,A
1805,b1,pchip,4,m^-2,A
1861,b1,pchip,4,m^-2,A
2120,b1,pchip,4,m^-2,A
31,b1,pchip,5,m^-2,A
378,b1,pchip,5,m^-2,A
451,b1,pchip,5,m^-2,A
721,b1,pchip,5,m^-2,A
829,b1,pchip,5,m^-2,A
1109,b1,pchip,5,m^-2,A
1217,b1,pchip,5,m^-2,A
1461,b1,pchip,5,m^-2,A
1523,b1,pchip,5,m^-2,A
1799,b1,pchip,5,m^-2,A
1869,b1,pchip,5,m^-2,A
2114,b1,pchip,5,m^-2,A
39,b1,pchip,6,m^-2,A
268,b1,pchip,6,m^-2,A
276,b1,pchip,6,m^-2,A
370,b1,pchip,6,m^-2,A
459,b1,pchip,6,m^-2,A
542,b1,pchip,6,m^-2,A
550,b1,pchip,6,m^-2,A
634,b1,pchip,6,m^-2,A
642,b1,pchip,6,m^-2,A
713,b1,pchip,6,m^-2,A
837,b1,pchip,6,m^-2,A
943,b1,pchip,6,m^-2,A
951,b1,pchip,6,m^-2,A
1021,b1,pchip,6,m^-2,A
1029,b1,pchip,6,m^-2,A
1101,b1,pchip,6,m^-2,A
1225,b1,pchip,6,m^-2,A
1295,b1,pchip,6,m^-2,A
1303,b1,pchip,6,m^-2,A
1373,b1,pchip,6,m^-2,A
1381,b1,pchip,6,m^-2,A
1453,b1,pchip,6,m^-2,A
1531,b1,pchip,6,m^-2,A
1603,b1,pchip,6,m^-2,A
1611,b1,pchip,6,m^-2,A
1682,b1,pchip,6,m^-2,A
1690,b1,pchip,6,m^-2,A
1791,b1,pchip,6,m^-2,A
1877,b1,pchip,6,m^-2,A
1948,b1,pchip,6,m^-2,A
1956,b1,pchip,6,m^-2,A
2027,b1,pchip,6,m^-2,A
2035,b1,pchip,6,m^-2,A
2106,b1,pchip,6,m^-2,A
45,b1,pchip,7,m^-2,A
260,b1,pchip,7,m^-2,A
282,b1,pchip,7,m^-2,A
362,b1,pchip,7,m^-2,A
465,b1,pchip,7,m^-2,A
534,b1,pchip,7,m^-2,A
556,b1,pchip,7,m^-2,A
626,b1,pchip,7,m^-2,A
648,b1,pchip,7,m^-2,A
705,b1,pchip,7,m^-2,A
843,b1,pchip,7,m^-2,A
935,b1,pchip,7,m^-2,A
957,b1,pchip,7,m^-2,A
1013,b1,pchip,7,m^-2,A
1037,b1,pchip,7,m^-2,A
1093,b1,pchip,7,m^-2,A
1231,b1,pchip,7,m^-2,A
1287,b1,pchip,7,m^-2,A
1309,b1,pchip,7,m^-2,A
1365,b1,pchip,7,m^-2,A
1387,b1,pchip,7,m^-2,A
1445,b1,pchip,7,m^-2,A
1537,b1,pchip,7,m^-2,A
1595,b1,pchip,7,m^-2,A
1617,b1,pchip,7,m^-2,A
1674,b1,pchip,7,m^-2,A
1696,b1,pchip,7,m^-2,A
1783,b1,pchip,7,m^-2,A
1883,b1,pchip,7,m^-2,A
1940,b1,pchip,7,m^-2,A
1962,b1,pchip,7,m^-2,A
2019,b1,pchip,7,m^-2,A
2041,b1,pchip,7,m^-2,A
2098,b1,pchip,7,m^-2,A
55,b1,pchip,8,m^-2,A
250,b1,pchip,8,m^-2,A
292,b1,pchip,8,m^-2,A
352,b1,pchip,8,m^-2,A
475,b1,pchip,8,m^-2,A
524,b1,pchip,8,m^-2,A
566,b1,pchip,8,m^-2,A
616,b1,pchip,8,m^-2,A
659,b1,pchip,8,m^-2,A
695,b1,pchip,8,m^-2,A
853,b1,pchip,8,m^-2,A
925,b1,pchip,8,m^-2,A
967,b1,pchip,8,m^-2,A
1003,b1,pchip,8,m^-2,A
1047,b1,pchip,8,m^-2,A
1083,b1,pchip,8,m^-2,A
1241,b1,pchip,8,m^-2,A
1277,b1,pchip,8,m^-2,A
1319,b1,pchip,8,m^-2,A
1355,b1,pchip,8,m^-2,A
1397,b1,pchip,8,m^-2,A
1435,b1,pchip,8,m^-2,A
1547,b1,pchip,8,m^-2,A
1585,b1,pchip,8,m^-2,A
1628,b1,pchip,8,m^-2,A
1664,b1,pchip,8,m^-2,A
1706,b1,pchip,8,m^-2,A
1773,b1,pchip,8,m^-2,A
1894,b1,pchip,8,m^-2,A
1930,b1,pchip,8,m^-2,A
1973,b1,pchip,8,m^-2,A
2009,b1,pchip,8,m^-2,A
2052,b1,pchip,8,m^-2,A
2088,b1,pchip,8,m^-2,A
59,b1,pchip,9,m^-2,A
248,b1,pchip,9,m^-2,A
296,b1,pchip,9,m^-2,A
350,b1,pchip,9,m^-2,A
479,b1,pchip,9,m^-2,A
522,b1,pchip,9,m^-2,A
570,b1,pchip,9,m^-2,A
614,b1,pchip,9,m^-2,A
663,b1,pchip,9,m^-2,A
693,b1,pchip,9,m^-2,A
857,b1,pchip,9,m^-2,A
923,b1,pchip,9,m^-2,A
971,b1,pchip,9,m^-2,A
1001,b1,pchip,9,m^-2,A
1051,b1,pchip,9,m^-2,A
1081,b1,pchip,9,m^-2,A
1245,b1,pchip,9,m^-2,A
1275,b1,pchip,9,m^-2,A
1323,b1,pchip,9,m^-2,A
1353,b1,pchip,9,m^-2,A
1401,b1,pchip,9,m^-2,A
1433,b1,pchip,9,m^-2,A
1551,b1,pchip,9,m^-2,A
1583,b1,pchip,9,m^-2,A
1632,b1,pchip,9,m^-2,A
1662,b1,pchip,9,m^-2,A
1710,b1,pchip,9,m^-2,A
1771,b1,pchip,9,m^-2,A
1898,b1,pchip,9,m^-2,A
1928,b1,pchip,9,m^-2,A
1977,b1,pchip,9,m^-2,A
2007,b1,pchip,9,m^-2,A
2056,b1,pchip,9,m^-2,A
2086,b1,pchip,9,m^-2,A
65,b1,pchip,10,m^-2,A
242,b1,pchip,10,m^-2,A
302,b1,pchip,10,m^-2,A
344,b1,pchip,10,m^-2,A
485,b1,pchip,10,m^-2,A
516,b1,pchip,10,m^-2,A
576,b1,pchip,10,m^-2,A
608,b1,pchip,10,m^-2,A
669,b1,pchip,10,m^-2,A
687,b1,pchip,10,m^-2,A
863,b1,pchip,10,m^-2,A
917,b1,pchip,10,m^-2,A
977,b1,pchip,10,m^-2,A
995,b1,pchip,10,m^-2,A
1057,b1,pchip,10,m^-2,A
1075,b1,pchip,10,m^-2,A
1251,b1,pchip,10,m^-2,A
1269,b1,pchip,10,m^-2,A
1329,b1,pchip,10,m^-2,A
1347,b1,pchip,10,m^-2,A
1407,b1,pchip,10,m^-2,A
1427,b1,pchip,10,m^-2,A
1557,b1,pchip,10,m^-2,A
1577,b1,pchip,10,m^-2,A
1638,b1,pchip,10,m^-2,A
1656,b1,pchip,10,m^-2,A
1716,b1,pchip,10,m^-2,A
1765,b1,pchip,10,m^-2,A
1904,b1,pchip,10,m^-2,A
1922,b1,pchip,10,m^-2,A
1983,b1,pchip,10,m^-2,A
2001,b1,pchip,10,m^-2,A
2062,b1,pchip,10,m^-2,A
2080,b1,pchip,10,m^-2,A
99,b1,pchip,11,m^-2,A
204,b1,pchip,12,m^-2,A
103,b1,pchip,13,m^-2,A
198,b1,pchip,14,m^-2,A
122,b1,pchip,15,m^-2,A
128,b1,pchip,16,m^-2,A
173,b1,pchip,17,m^-2,A
181,b1,pchip,18,m^-2,A
142,b1,pchip,19,m^-2,A
157,b1,pchip,20,m^-2,A
749,b1,pchip,21,m^-2,A
776,b1,pchip,22,m^-2,A
778,b1,pchip,23,m^-2,A
801,b1,pchip,24,m^-2,A
1137,b1,pchip,25,m^-2,A
1164,b1,pchip,26,m^-2,A
1166,b1,pchip,27,m^-2,A
1189,b1,pchip,28,m^-2,A
8,b2,pchip,29,m^-3,A
401,b2,pchip,29,m^-3,A
428,b2,pchip,29,m^-3,A
744,b2,pchip,29,m^-3,A
806,b2,pchip,29,m^-3,A
1132,b2,pchip,29,m^-3,A
1194,b2,pchip,29,m^-3,A
1485,b2,pchip,29,m^-3,A
1500,b2,pchip,29,m^-3,A
1822,b2,pchip,29,m^-3,A
1846,b2,pchip,29,m^-3,A
2138,b2,pchip,29,m^-3,A
16,b2,pchip,30,m^-3,A
391,b2,pchip,30,m^-3,A
436,b2,pchip,30,m^-3,A
734,b2,pchip,30,m^-3,A
814,b2,pchip,30,m^-3,A
1122,b2,pchip,30,m^-3,A
1202,b2,pchip,30,m^-3,A
1475,b2,pchip,30,m^-3,A
1508,b2,pchip,30,m^-3,A
1812,b2,pchip,30,m^-3,A
1854,b2,pchip,30,m^-3,A
2128,b2,pchip,30,m^-3,A
28,b2,pchip,31,m^-3,A
42,b2,pchip,32,m^-3,A
265,b2,pchip,33,m^-3,A
279,b2,pchip,34,m^-3,A
367,b2,pchip,35,m^-3,A
381,b2,pchip,36,m^-3,A
448,b2,pchip,37,m^-3,A
462,b2,pchip,38,m^-3,A
539,b2,pchip,39,m^-3,A
553,b2,pchip,40,m^-3,A
631,b2,pchip,41,m^-3,A
645,b2,pchip,42,m^-3,A
710,b2,pchip,43,m^-3,A
724,b2,pchip,44,m^-3,A
826,b2,pchip,45,m^-3,A
840,b2,pchip,46,m^-3,A
940,b2,pchip,47,m^-3,A
954,b2,pchip,48,m^-3,A
1018,b2,pchip,49,m^-3,A
1098,b2,pchip,50,m^-3,A
1112,b2,pchip,51,m^-3,A
1214,b2,pchip,52,m^-3,A
1228,b2,pchip,53,m^-3,A
1292,b2,pchip,54,m^-3,A
1306,b2,pchip,55,m^-3,A
1370,b2,pchip,56,m^-3,A
1384,b2,pchip,57,m^-3,A
1450,b2,pchip,58,m^-3,A
1464,b2,pchip,59,m^-3,A
1520,b2,pchip,60,m^-3,A
1534,b2,pchip,61,m^-3,A
1600,b2,pchip,62,m^-3,A
1614,b2,pchip,63,m^-3,A
1679,b2,pchip,64,m^-3,A
1693,b2,pchip,65,m^-3,A
1788,b2,pchip,66,m^-3,A
1802,b2,pchip,67,m^-3,A
1866,b2,pchip,68,m^-3,A
1880,b2,pchip,69,m^-3,A
1945,b2,pchip,70,m^-3,A
1959,b2,pchip,71,m^-3,A
2024,b2,pchip,72,m^-3,A
2038,b2,pchip,73,m^-3,A
2103,b2,pchip,74,m^-3,A
2117,b2,pchip,75,m^-3,A
36,b2,pchip,76,m^-3,A
273,b2,pchip,76,m^-3,A
375,b2,pchip,76,m^-3,A
456,b2,pchip,76,m^-3,A
547,b2,pchip,76,m^-3,A
639,b2,pchip,76,m^-3,A
718,b2,pchip,76,m^-3,A
834,b2,pchip,76,m^-3,A
948,b2,pchip,76,m^-3,A
1026,b2,pchip,76,m^-3,A
1106,b2,pchip,76,m^-3,A
1222,b2,pchip,76,m^-3,A
1300,b2,pchip,76,m^-3,A
1378,b2,pchip,76,m^-3,A
1458,b2,pchip,76,m^-3,A
1528,b2,pchip,76,m^-3,A
1608,b2,pchip,76,m^-3,A
1687,b2,pchip,76,m^-3,A
1796,b2,pchip,76,m^-3,A
1874,b2,pchip,76,m^-3,A
1953,b2,pchip,76,m^-3,A
2032,b2,pchip,76,m^-3,A
2111,b2,pchip,76,m^-3,A
52,b2,pchip,77,m^-3,A
355,b2,pchip,77,m^-3,A
472,b2,pchip,77,m^-3,A
698,b2,pchip,77,m^-3,A
850,b2,pchip,77,m^-3,A
1086,b2,pchip,77,m^-3,A
1238,b2,pchip,77,m^-3,A
1438,b2,pchip,77,m^-3,A
1544,b2,pchip,77,m^-3,A
1776,b2,pchip,77,m^-3,A
1891,b2,pchip,77,m^-3,A
2091,b2,pchip,77,m^-3,A
62,b2,pchip,78,m^-3,A
347,b2,pchip,78,m^-3,A
482,b2,pchip,78,m^-3,A
690,b2,pchip,78,m^-3,A
860,b2,pchip,78,m^-3,A
1078,b2,pchip,78,m^-3,A
1248,b2,pchip,78,m^-3,A
1430,b2,pchip,78,m^-3,A
1554,b2,pchip,78,m^-3,A
1768,b2,pchip,78,m^-3,A
1901,b2,pchip,78,m^-3,A
2083,b2,pchip,78,m^-3,A
101,b2,pchip,79,m^-3,A
202,b2,pchip,80,m^-3,A
107,b2,pchip,81,m^-3,A
194,b2,pchip,82,m^-3,A
120,b2,pchip,83,m^-3,A
130,b2,pchip,84,m^-3,A
171,b2,pchip,85,m^-3,A
183,b2,pchip,86,m^-3,A
126,b2,pchip,87,m^-3,A
179,b2,pchip,88,m^-3,A
245,b2,pchip,89,m^-3,A
299,b2,pchip,89,m^-3,A
519,b2,pchip,89,m^-3,A
573,b2,pchip,89,m^-3,A
611,b2,pchip,89,m^-3,A
666,b2,pchip,89,m^-3,A
920,b2,pchip,89,m^-3,A
974,b2,pchip,89,m^-3,A
998,b2,pchip,89,m^-3,A
1054,b2,pchip,89,m^-3,A
1272,b2,pchip,89,m^-3,A
1326,b2,pchip,89,m^-3,A
1350,b2,pchip,89,m^-3,A
1404,b2,pchip,89,m^-3,A
1580,b2,pchip,89,m^-3,A
1635,b2,pchip,89,m^-3,A
1659,b2,pchip,89,m^-3,A
1713,b2,pchip,89,m^-3,A
1925,b2,pchip,89,m^-3,A
1980,b2,pchip,89,m^-3,A
2004,b2,pchip,89,m^-3,A
2059,b2,pchip,89,m^-3,A
253,b2,pchip,90,m^-3,A
289,b2,pchip,91,m^-3,A
527,b2,pchip,92,m^-3,A
563,b2,pchip,93,m^-3,A
619,b2,pchip,94,m^-3,A
656,b2,pchip,95,m^-3,A
928,b2,pchip,96,m^-3,A
964,b2,pchip,97,m^-3,A
1006,b2,pchip,98,m^-3,A
1044,b2,pchip,99,m^-3,A
1280,b2,pchip,100,m^-3,A
1316,b2,pchip,101,m^-3,A
1358,b2,pchip,102,m^-3,A
1394,b2,pchip,103,m^-3,A
1588,b2,pchip,104,m^-3,A
1625,b2,pchip,105,m^-3,A
1667,b2,pchip,106,m^-3,A
1703,b2,pchip,107,m^-3,A
1933,b2,pchip,108,m^-3,A
1970,b2,pchip,109,m^-3,A
2012,b2,pchip,110,m^-3,A
2049,b2,pchip,111,m^-3,A
21,b0,pchip,112,m^-1,A
49,b0,pchip,112,m^-1,A
111,b0,pchip,112,m^-1,A
136,b0,pchip,112,m^-1,A
164,b0,pchip,112,m^-1,A
189,b0,pchip,112,m^-1,A
258,b0,pchip,112,m^-1,A
286,b0,pchip,112,m^-1,A
360,b0,pchip,112,m^-1,A
388,b0,pchip,112,m^-1,A
441,b0,pchip,112,m^-1,A
469,b0,pchip,112,m^-1,A
532,b0,pchip,112,m^-1,A
560,b0,pchip,112,m^-1,A
624,b0,pchip,112,m^-1,A
653,b0,pchip,112,m^-1,A
703,b0,pchip,112,m^-1,A
731,b0,pchip,112,m^-1,A
819,b0,pchip,112,m^-1,A
847,b0,pchip,112,m^-1,A
933,b0,pchip,112,m^-1,A
961,b0,pchip,112,m^-1,A
1011,b0,pchip,112,m^-1,A
1041,b0,pchip,112,m^-1,A
1091,b0,pchip,112,m^-1,A
1119,b0,pchip,112,m^-1,A
1207,b0,pchip,112,m^-1,A
1235,b0,pchip,112,m^-1,A
1285,b0,pchip,112,m^-1,A
1313,b0,pchip,112,m^-1,A
1363,b0,pchip,112,m^-1,A
1391,b0,pchip,112,m^-1,A
1443,b0,pchip,112,m^-1,A
1472,b0,pchip,112,m^-1,A
1513,b0,pchip,112,m^-1,A
1541,b0,pchip,112,m^-1,A
1593,b0,pchip,112,m^-1,A
1622,b0,pchip,112,m^-1,A
1672,b0,pchip,112,m^-1,A
1700,b0,pchip,112,m^-1,A
1781,b0,pchip,112,m^-1,A
1809,b0,pchip,112,m^-1,A
1859,b0,pchip,112,m^-1,A
1888,b0,pchip,112,m^-1,A
1938,b0,pchip,112,m^-1,A
1967,b0,pchip,112,m^-1,A
2017,b0,pchip,112,m^-1,A
2046,b0,pchip,112,m^-1,A
2096,b0,pchip,112,m^-1,A
2125,b0,pchip,112,m^-1,A
111,b0,pchip,113,m^-1,A
189,b0,pchip,113,m^-1,A
136,b0,pchip,114,m^-1,A
164,b0,pchip,114,m^-1,A
3,x,poly,115,mm,m
3,y,poly,115,mm,m
19,x,poly,115,mm,m
19,y,poly,115,mm,m
25,x,poly,115,mm,m
25,y,poly,115,mm,m
33,x,poly,115,mm,m
33,y,poly,115,mm,m
47,x,poly,115,mm,m
47,y,poly,115,mm,m
57,x,poly,115,mm,m
57,y,poly,115,mm,m
67,x,poly,115,mm,m
67,y,poly,115,mm,m
95,x,poly,115,mm,m
95,y,poly,115,mm,m
118,x,poly,115,mm,m
118,y,poly,115,mm,m
134,x,poly,115,mm,m
134,y,poly,115,mm,m
147,x,poly,115,mm,m
147,y,poly,115,mm,m
155,x,poly,115,mm,m
155,y,poly,115,mm,m
177,x,poly,115,mm,m
177,y,poly,115,mm,m
187,x,poly,115,mm,m
187,y,poly,115,mm,m
212,x,poly,115,mm,m
212,y,poly,115,mm,m
240,x,poly,115,mm,m
240,y,poly,115,mm,m
256,x,poly,115,mm,m
256,y,poly,115,mm,m
262,x,poly,115,mm,m
262,y,poly,115,mm,m
270,x,poly,115,mm,m
270,y,poly,115,mm,m
284,x,poly,115,mm,m
284,y,poly,115,mm,m
294,x,poly,115,mm,m
294,y,poly,115,mm,m
304,x,poly,115,mm,m
304,y,poly,115,mm,m
342,x,poly,115,mm,m
342,y,poly,115,mm,m
358,x,poly,115,mm,m
358,y,poly,115,mm,m
364,x,poly,115,mm,m
364,y,poly,115,mm,m
372,x,poly,115,mm,m
372,y,poly,115,mm,m
386,x,poly,115,mm,m
386,y,poly,115,mm,m
396,x,poly,115,mm,m
396,y,poly,115,mm,m
406,x,poly,115,mm,m
406,y,poly,115,mm,m
423,x,poly,115,mm,m
423,y,poly,115,mm,m
439,x,poly,115,mm,m
439,y,poly,115,mm,m
445,x,poly,115,mm,m
445,y,poly,115,mm,m
453,x,poly,115,mm,m
453,y,poly,115,mm,m
467,x,poly,115,mm,m
467,y,poly,115,mm,m
477,x,poly,115,mm,m
477,y,poly,115,mm,m
487,x,poly,115,mm,m
487,y,poly,115,mm,m
514,x,poly,115,mm,m
514,y,poly,115,mm,m
530,x,poly,115,mm,m
530,y,poly,115,mm,m
536,x,poly,115,mm,m
536,y,poly,115,mm,m
544,x,poly,115,mm,m
544,y,poly,115,mm,m
558,x,poly,115,mm,m
558,y,poly,115,mm,m
568,x,poly,115,mm,m
568,y,poly,115,mm,m
578,x,poly,115,mm,m
578,y,poly,115,mm,m
606,x,poly,115,mm,m
606,y,poly,115,mm,m
622,x,poly,115,mm,m
622,y,poly,115,mm,m
628,x,poly,115,mm,m
628,y,poly,115,mm,m
636,x,poly,115,mm,m
636,y,poly,115,mm,m
650,x,poly,115,mm,m
650,y,poly,115,mm,m
661,x,poly,115,mm,m
661,y,poly,115,mm,m
671,x,poly,115,mm,m
671,y,poly,115,mm,m
685,x,poly,115,mm,m
685,y,poly,115,mm,m
701,x,poly,115,mm,m
701,y,poly,115,mm,m
707,x,poly,115,mm,m
707,y,poly,115,mm,m
715,x,poly,115,mm,m
715,y,poly,115,mm,m
729,x,poly,115,mm,m
729,y,poly,115,mm,m
739,x,poly,115,mm,m
739,y,poly,115,mm,m
755,x,poly,115,mm,m
755,y,poly,115,mm,m
767,x,poly,115,mm,m
767,y,poly,115,mm,m
780,x,poly,115,mm,m
780,y,poly,115,mm,m
795,x,poly,115,mm,m
795,y,poly,115,mm,m
817,x,poly,115,mm,m
817,y,poly,115,mm,m
823,x,poly,115,mm,m
823,y,poly,115,mm,m
831,x,poly,115,mm,m
831,y,poly,115,mm,m
845,x,poly,115,mm,m
845,y,poly,115,mm,m
855,x,poly,115,mm,m
855,y,poly,115,mm,m
865,x,poly,115,mm,m
865,y,poly,115,mm,m
915,x,poly,115,mm,m
915,y,poly,115,mm,m
931,x,poly,115,mm,m
931,y,poly,115,mm,m
937,x,poly,115,mm,m
937,y,poly,115,mm,m
945,x,poly,115,mm,m
945,y,poly,115,mm,m
959,x,poly,115,mm,m
959,y,poly,115,mm,m
969,x,poly,115,mm,m
969,y,poly,115,mm,m
979,x,poly,115,mm,m
979,y,poly,115,mm,m
993,x,poly,115,mm,m
993,y,poly,115,mm,m
1009,x,poly,115,mm,m
1009,y,poly,115,mm,m
1015,x,poly,115,mm,m
1015,y,poly,115,mm,m
1023,x,poly,115,mm,m
1023,y,poly,115,mm,m
1039,x,poly,115,mm,m
1039,y,poly,115,mm,m
1049,x,poly,115,mm,m
1049,y,poly,115,mm,m
1059,x,poly,115,mm,m
1059,y,poly,115,mm,m
1073,x,poly,115,mm,m
1073,y,poly,115,mm,m
1089,x,poly,115,mm,m
1089,y,poly,115,mm,m
1095,x,poly,115,mm,m
1095,y,poly,115,mm,m
1103,x,poly,115,mm,m
1103,y,poly,115,mm,m
1117,x,poly,115,mm,m
1117,y,poly,115,mm,m
1127,x,poly,115,mm,m
1127,y,poly,115,mm,m
1143,x,poly,115,mm,m
1143,y,poly,115,mm,m
1155,x,poly,115,mm,m
1155,y,poly,115,mm,m
1168,x,poly,115,mm,m
1168,y,poly,115,mm,m
1183,x,poly,115,mm,m
1183,y,poly,115,mm,m
1205,x,poly,115,mm,m
1205,y,poly,115,mm,m
1211,x,poly,115,mm,m
1211,y,poly,115,mm,m
1219,x,poly,115,mm,m
1219,y,poly,115,mm,m
1233,x,poly,115,mm,m
1233,y,poly,115,mm,m
1243,x,poly,115,mm,m
1243,y,poly,115,mm,m
1253,x,poly,115,mm,m
1253,y,poly,115,mm,m
1267,x,poly,115,mm,m
1267,y,poly,115,mm,m
1283,x,poly,115,mm,m
1283,y,poly,115,mm,m
1289,x,poly,115,mm,m
1289,y,poly,115,mm,m
1297,x,poly,115,mm,m
1297,y,poly,115,mm,m
1311,x,poly,115,mm,m
1311,y,poly,115,mm,m
1321,x,poly,115,mm,m
1321,y,poly,115,mm,m
1331,x,poly,115,mm,m
1331,y,poly,115,mm,m
1345,x,poly,115,mm,m
1345,y,poly,115,mm,m
1361,x,poly,115,mm,m
1361,y,poly,115,mm,m
1367,x,poly,115,mm,m
1367,y,poly,115,mm,m
1375,x,poly,115,mm,m
1375,y,poly,115,mm,m
1389,x,poly,115,mm,m
1389,y,poly,115,mm,m
1399,x,poly,115,mm,m
1399,y,poly,115,mm,m
1409,x,poly,115,mm,m
1409,y,poly,115,mm,m
1425,x,poly,115,mm,m
1425,y,poly,115,mm,m
1441,x,poly,115,mm,m
1441,y,poly,115,mm,m
1447,x,poly,115,mm,m
1447,y,poly,115,mm,m
1455,x,poly,115,mm,m
1455,y,poly,115,mm,m
1469,x,poly,115,mm,m
1469,y,poly,115,mm,m
1480,x,poly,115,mm,m
1480,y,poly,115,mm,m
1490,x,poly,115,mm,m
1490,y,poly,115,mm,m
1495,x,poly,115,mm,m
1495,y,poly,115,mm,m
1511,x,poly,115,mm,m
1511,y,poly,115,mm,m
1517,x,poly,115,mm,m
1517,y,poly,115,mm,m
1525,x,poly,115,mm,m
1525,y,poly,115,mm,m
1539,x,poly,115,mm,m
1539,y,poly,115,mm,m
1549,x,poly,115,mm,m
1549,y,poly,115,mm,m
1559,x,poly,115,mm,m
1559,y,poly,115,mm,m
1575,x,poly,115,mm,m
1575,y,poly,115,mm,m
1591,x,poly,115,mm,m
1591,y,poly,115,mm,m
1597,x,poly,115,mm,m
1597,y,poly,115,mm,m
1605,x,poly,115,mm,m
1605,y,poly,115,mm,m
1619,x,poly,115,mm,m
1619,y,poly,115,mm,m
1630,x,poly,115,mm,m
1630,y,poly,115,mm,m
1640,x,poly,115,mm,m
1640,y,poly,115,mm,m
1654,x,poly,115,mm,m
1654,y,poly,115,mm,m
1670,x,poly,115,mm,m
1670,y,poly,115,mm,m
1676,x,poly,115,mm,m
1676,y,poly,115,mm,m
1684,x,poly,115,mm,m
1684,y,poly,115,mm,m
1698,x,poly,115,mm,m
1698,y,poly,115,mm,m
1708,x,poly,115,mm,m
1708,y,poly,115,mm,m
1718,x,poly,115,mm,m
1718,y,poly,115,mm,m
1762,x,poly,115,mm,m
1762,y,poly,115,mm,m
1779,x,poly,115,mm,m
1779,y,poly,115,mm,m
1785,x,poly,115,mm,m
1785,y,poly,115,mm,m
1793,x,poly,115,mm,m
1793,y,poly,115,mm,m
1807,x,poly,115,mm,m
1807,y,poly,115,mm,m
1817,x,poly,115,mm,m
1817,y,poly,115,mm,m
1827,x,poly,115,mm,m
1827,y,poly,115,mm,m
1841,x,poly,115,mm,m
1841,y,poly,115,mm,m
1857,x,poly,115,mm,m
1857,y,poly,115,mm,m
1863,x,poly,115,mm,m
1863,y,poly,115,mm,m
1871,x,poly,115,mm,m
1871,y,poly,115,mm,m
1885,x,poly,115,mm,m
1885,y,poly,115,mm,m
1896,x,poly,115,mm,m
1896,y,poly,115,mm,m
1906,x,poly,115,mm,m
1906,y,poly,115,mm,m
1920,x,poly,115,mm,m
1920,y,poly,115,mm,m
1936,x,poly,115,mm,m
1936,y,poly,115,mm,m
1942,x,poly,115,mm,m
1942,y,poly,115,mm,m
1950,x,poly,115,mm,m
1950,y,poly,115,mm,m
1964,x,poly,115,mm,m
1964,y,poly,115,mm,m
1975,x,poly,115,mm,m
1975,y,poly,115,mm,m
1985,x,poly,115,mm,m
1985,y,poly,115,mm,m
1999,x,poly,115,mm,m
1999,y,poly,115,mm,m
2015,x,poly,115,mm,m
2015,y,poly,115,mm,m
2021,x,poly,115,mm,m
2021,y,poly,115,mm,m
2029,x,poly,115,mm,m
2029,y,poly,115,mm,m
2043,x,poly,115,mm,m
2043,y,poly,115,mm,m
2054,x,poly,115,mm,m
2054,y,poly,115,mm,m
2064,x,poly,115,mm,m
2064,y,poly,115,mm,m
2078,x,poly,115,mm,m
2078,y,poly,115,mm,m
2094,x,poly,115,mm,m
2094,y,poly,115,mm,m
2100,x,poly,115,mm,m
2100,y,poly,115,mm,m
2108,x,poly,115,mm,m
2108,y,poly,115,mm,m
2122,x,poly,115,mm,m
2122,y,poly,115,mm,m
2133,x,poly,115,mm,m
2133,y,poly,115,mm,m
2143,x,poly,115,mm,m
2143,y,poly,115,mm,m
8,a1,pchip,116,m^-2,A
28,a1,pchip,117,m^-2,A
42,a1,pchip,118,m^-2,A
62,a1,pchip,119,m^-2,A
101,a1,pchip,120,m^-2,A
126,a1,pchip,121,m^-2,A
130,a1,pchip,122,m^-2,A
179,a1,pchip,123,m^-2,A
183,a1,pchip,124,m^-2,A
202,a1,pchip,125,m^-2,A
245,a1,pchip,126,m^-2,A
265,a1,pchip,127,m^-2,A
279,a1,pchip,128,m^-2,A
299,a1,pchip,129,m^-2,A
347,a1,pchip,130,m^-2,A
367,a1,pchip,131,m^-2,A
381,a1,pchip,132,m^-2,A
401,a1,pchip,133,m^-2,A
428,a1,pchip,134,m^-2,A
448,a1,pchip,135,m^-2,A
462,a1,pchip,136,m^-2,A
482,a1,pchip,137,m^-2,A
519,a1,pchip,138,m^-2,A
539,a1,pchip,139,m^-2,A
553,a1,pchip,140,m^-2,A
573,a1,pchip,141,m^-2,A
611,a1,pchip,142,m^-2,A
631,a1,pchip,143,m^-2,A
645,a1,pchip,144,m^-2,A
666,a1,pchip,145,m^-2,A
690,a1,pchip,146,m^-2,A
710,a1,pchip,147,m^-2,A
724,a1,pchip,148,m^-2,A
744,a1,pchip,149,m^-2,A
806,a1,pchip,150,m^-2,A
826,a1,pchip,151,m^-2,A
840,a1,pchip,152,m^-2,A
860,a1,pchip,153,m^-2,A
920,a1,pchip,154,m^-2,A
940,a1,pchip,155,m^-2,A
954,a1,pchip,156,m^-2,A
974,a1,pchip,157,m^-2,A
998,a1,pchip,158,m^-2,A
1018,a1,pchip,159,m^-2,A
1026,a1,pchip,160,m^-2,A
1054,a1,pchip,161,m^-2,A
1078,a1,pchip,162,m^-2,A
1098,a1,pchip,163,m^-2,A
1112,a1,pchip,164,m^-2,A
1132,a1,pchip,165,m^-2,A
1194,a1,pchip,166,m^-2,A
1214,a1,pchip,167,m^-2,A
1228,a1,pchip,168,m^-2,A
1248,a1,pchip,169,m^-2,A
1272,a1,pchip,170,m^-2,A
1292,a1,pchip,171,m^-2,A
1306,a1,pchip,172,m^-2,A
1326,a1,pchip,173,m^-2,A
1350,a1,pchip,174,m^-2,A
1370,a1,pchip,175,m^-2,A
1384,a1,pchip,176,m^-2,A
1404,a1,pchip,177,m^-2,A
1430,a1,pchip,178,m^-2,A
1450,a1,pchip,179,m^-2,A
1464,a1,pchip,180,m^-2,A
1485,a1,pchip,181,m^-2,A
1500,a1,pchip,182,m^-2,A
1520,a1,pchip,183,m^-2,A
1534,a1,pchip,184,m^-2,A
1554,a1,pchip,185,m^-2,A
1580,a1,pchip,186,m^-2,A
1600,a1,pchip,187,m^-2,A
1614,a1,pchip,188,m^-2,A
1635,a1,pchip,189,m^-2,A
1659,a1,pchip,190,m^-2,A
1679,a1,pchip,191,m^-2,A
1693,a1,pchip,192,m^-2,A
1713,a1,pchip,193,m^-2,A
1768,a1,pchip,194,m^-2,A
1788,a1,pchip,195,m^-2,A
1802,a1,pchip,196,m^-2,A
1822,a1,pchip,197,m^-2,A
1846,a1,pchip,198,m^-2,A
1866,a1,pchip,199,m^-2,A
1880,a1,pchip,200,m^-2,A
1901,a1,pchip,201,m^-2,A
1925,a1,pchip,202,m^-2,A
1945,a1,pchip,203,m^-2,A
1959,a1,pchip,204,m^-2,A
1980,a1,pchip,205,m^-2,A
2004,a1,pchip,206,m^-2,A
2024,a1,pchip,207,m^-2,A
2038,a1,pchip,208,m^-2,A
2059,a1,pchip,209,m^-2,A
2083,a1,pchip,210,m^-2,A
2103,a1,pchip,211,m^-2,A
2117,a1,pchip,212,m^-2,A
2138,a1,pchip,213,m^-2,A
8,x_kick,poly,214,,A
16,x_kick,poly,215,,A
28,x_kick,poly,216,,A
36,x_kick,poly,217,,A
42,x_kick,poly,218,,A
52,x_kick,poly,219,,A
62,x_kick,poly,220,,A
101,x_kick,poly,221,,A
126,x_kick,poly,222,,A
130,x_kick,poly,223,,A
139,x_kick,poly,224,,A
159,x_kick,poly,225,,A
179,x_kick,poly,226,,A
183,x_kick,poly,227,,A
202,x_kick,poly,228,,A
245,x_kick,poly,229,,A
253,x_kick,poly,230,,A
265,x_kick,poly,231,,A
273,x_kick,poly,232,,A
279,x_kick,poly,233,,A
289,x_kick,poly,234,,A
299,x_kick,poly,235,,A
347,x_kick,poly,236,,A
355,x_kick,poly,237,,A
367,x_kick,poly,238,,A
375,x_kick,poly,239,,A
381,x_kick,poly,240,,A
391,x_kick,poly,241,,A
401,x_kick,poly,242,,A
428,x_kick,poly,243,,A
436,x_kick,poly,244,,A
448,x_kick,poly,245,,A
456,x_kick,poly,246,,A
462,x_kick,poly,247,,A
472,x_kick,poly,248,,A
482,x_kick,poly,249,,A
519,x_kick,poly,250,,A
527,x_kick,poly,251,,A
539,x_kick,poly,252,,A
547,x_kick,poly,253,,A
553,x_kick,poly,254,,A
563,x_kick,poly,255,,A
573,x_kick,poly,256,,A
611,x_kick,poly,257,,A
619,x_kick,poly,258,,A
631,x_kick,poly,259,,A
639,x_kick,poly,260,,A
645,x_kick,poly,261,,A
656,x_kick,poly,262,,A
666,x_kick,poly,263,,A
690,x_kick,poly,264,,A
698,x_kick,poly,265,,A
710,x_kick,poly,266,,A
718,x_kick,poly,267,,A
724,x_kick,poly,268,,A
734,x_kick,poly,269,,A
744,x_kick,poly,270,,A
769,x_kick,poly,271,,A
782,x_kick,poly,272,,A
806,x_kick,poly,273,,A
814,x_kick,poly,274,,A
826,x_kick,poly,275,,A
834,x_kick,poly,276,,A
840,x_kick,poly,277,,A
850,x_kick,poly,278,,A
860,x_kick,poly,279,,A
920,x_kick,poly,280,,A
928,x_kick,poly,281,,A
940,x_kick,poly,282,,A
948,x_kick,poly,283,,A
954,x_kick,poly,284,,A
964,x_kick,poly,285,,A
974,x_kick,poly,286,,A
998,x_kick,poly,287,,A
1006,x_kick,poly,288,,A
1018,x_kick,poly,289,,A
1026,x_kick,poly,290,,A
1044,x_kick,poly,291,,A
1054,x_kick,poly,292,,A
1078,x_kick,poly,293,,A
1086,x_kick,poly,294,,A
1098,x_kick,poly,295,,A
1106,x_kick,poly,296,,A
1112,x_kick,poly,297,,A
1122,x_kick,poly,298,,A
1132,x_kick,poly,299,,A
1157,x_kick,poly,300,,A
1170,x_kick,poly,301,,A
1194,x_kick,poly,302,,A
1202,x_kick,poly,303,,A
1214,x_kick,poly,304,,A
1222,x_kick,poly,305,,A
1228,x_kick,poly,306,,A
1238,x_kick,poly,307,,A
1248,x_kick,poly,308,,A
1272,x_kick,poly,309,,A
1280,x_kick,poly,310,,A
1292,x_kick,poly,311,,A
1300,x_kick,poly,312,,A
1306,x_kick,poly,313,,A
1316,x_kick,poly,314,,A
1326,x_kick,poly,315,,A
1350,x_kick,poly,316,,A
1358,x_kick,poly,317,,A
1370,x_kick,poly,318,,A
1378,x_kick,poly,319,,A
1384,x_kick,poly,320,,A
1394,x_kick,poly,321,,A
1404,x_kick,poly,322,,A
1430,x_kick,poly,323,,A
1438,x_kick,poly,324,,A
1450,x_kick,poly,325,,A
1458,x_kick,poly,326,,A
1464,x_kick,poly,327,,A
1475,x_kick,poly,328,,A
1485,x_kick,poly,329,,A
1500,x_kick,poly,330,,A
1508,x_kick,poly,331,,A
1520,x_kick,poly,332,,A
1528,x_kick,poly,333,,A
1534,x_kick,poly,334,,A
1544,x_kick,poly,335,,A
1554,x_kick,poly,336,,A
1580,x_kick,poly,337,,A
1588,x_kick,poly,338,,A
1600,x_kick,poly,339,,A
1608,x_kick,poly,340,,A
1614,x_kick,poly,341,,A
1625,x_kick,poly,342,,A
1635,x_kick,poly,343,,A
1659,x_kick,poly,344,,A
1667,x_kick,poly,345,,A
1679,x_kick,poly,346,,A
1687,x_kick,poly,347,,A
1693,x_kick,poly,348,,A
1703,x_kick,poly,349,,A
1713,x_kick,poly,350,,A
1768,x_kick,poly,351,,A
1776,x_kick,poly,352,,A
1788,x_kick,poly,353,,A
1796,x_kick,poly,354,,A
1802,x_kick,poly,355,,A
1812,x_kick,poly,356,,A
1822,x_kick,poly,357,,A
1846,x_kick,poly,358,,A
1854,x_kick,poly,359,,A
1866,x_kick,poly,360,,A
1874,x_kick,poly,361,,A
1880,x_kick,poly,362,,A
1891,x_kick,poly,363,,A
1901,x_kick,poly,364,,A
1925,x_kick,poly,365,,A
1933,x_kick,poly,366,,A
1945,x_kick,poly,367,,A
1953,x_kick,poly,368,,A
1959,x_kick,poly,369,,A
1970,x_kick,poly,370,,A
1980,x_kick,poly,371,,A
2004,x_kick,poly,372,,A
2012,x_kick,poly,373,,A
2024,x_kick,poly,374,,A
2032,x_kick,poly,375,,A
2038,x_kick,poly,376,,A
2049,x_kick,poly,377,,A
2059,x_kick,poly,378,,A
2083,x_kick,poly,379,,A
2091,x_kick,poly,380,,A
2103,x_kick,poly,381,,A
2111,x_kick,poly,382,,A
2117,x_kick,poly,383,,A
2128,x_kick,poly,384,,A
2138,x_kick,poly,385,,A
8,y_kick,poly,386,,A
16,y_kick,poly,387,,A
28,y_kick,poly,388,,A
36,y_kick,poly,389,,A
42,y_kick,poly,390,,A
52,y_kick,poly,391,,A
62,y_kick,poly,392,,A
101,y_kick,poly,393,,A
126,y_kick,poly,394,,A
130,y_kick,poly,395,,A
140,y_kick,poly,396,,A
160,y_kick,poly,397,,A
179,y_kick,poly,398,,A
183,y_kick,poly,399,,A
202,y_kick,poly,400,,A
245,y_kick,poly,401,,A
253,y_kick,poly,402,,A
265,y_kick,poly,403,,A
273,y_kick,poly,404,,A
279,y_kick,poly,405,,A
289,y_kick,poly,406,,A
299,y_kick,poly,407,,A
347,y_kick,poly,408,,A
355,y_kick,poly,409,,A
367,y_kick,poly,410,,A
375,y_kick,poly,411,,A
381,y_kick,poly,412,,A
391,y_kick,poly,413,,A
401,y_kick,poly,414,,A
428,y_kick,poly,415,,A
436,y_kick,poly,416,,A
448,y_kick,poly,417,,A
456,y_kick,poly,418,,A
462,y_kick,poly,419,,A
472,y_kick,poly,420,,A
482,y_kick,poly,421,,A
519,y_kick,poly,422,,A
527,y_kick,poly,423,,A
539,y_kick,poly,424,,A
547,y_kick,poly,425,,A
553,y_kick,poly,426,,A
563,y_kick,poly,427,,A
573,y_kick,poly,428,,A
611,y_kick,poly,429,,A
619,y_kick,poly,430,,A
631,y_kick,poly,431,,A
639,y_kick,poly,432,,A
645,y_kick,poly,433,,A
656,y_kick,poly,434,,A
666,y_kick,poly,435,,A
690,y_kick,poly,436,,A
698,y_kick,poly,437,,A
710,y_kick,poly,438,,A
718,y_kick,poly,439,,A
724,y_kick,poly,440,,A
734,y_kick,poly,441,,A
744,y_kick,poly,442,,A
770,y_kick,poly,443,,A
783,y_kick,poly,444,,A
806,y_kick,poly,445,,A
814,y_kick,poly,446,,A
826,y_kick,poly,447,,A
834,y_kick,poly,448,,A
840,y_kick,poly,449,,A
850,y_kick,poly,450,,A
860,y_kick,poly,451,,A
920,y_kick,poly,452,,A
928,y_kick,poly,453,,A
940,y_kick,poly,454,,A
948,y_kick,poly,455,,A
954,y_kick,poly,456,,A
964,y_kick,poly,457,,A
974,y_kick,poly,458,,A
998,y_kick,poly,459,,A
1006,y_kick,poly,460,,A
1018,y_kick,poly,461,,A
1026,y_kick,poly,462,,A
1044,y_kick,poly,463,,A
1054,y_kick,poly,464,,A
1078,y_kick,poly,465,,A
1086,y_kick,poly,466,,A
1098,y_kick,poly,467,,A
1106,y_kick,poly,468,,A
1112,y_kick,poly,469,,A
1122,y_kick,poly,470,,A
1132,y_kick,poly,471,,A
1158,y_kick,poly,472,,A
1171,y_kick,poly,473,,A
1194,y_kick,poly,474,,A
1202,y_kick,poly,475,,A
1214,y_kick,poly,476,,A
1222,y_kick,poly,477,,A
1228,y_kick,poly,478,,A
1238,y_kick,poly,479,,A
1248,y_kick,poly,480,,A
1272,y_kick,poly,481,,A
1280,y_kick,poly,482,,A
1292,y_kick,poly,483,,A
1300,y_kick,poly,484,,A
1306,y_kick,poly,485,,A
1316,y_kick,poly,486,,A
1326,y_kick,poly,487,,A
1350,y_kick,poly,488,,A
1358,y_kick,poly,489,,A
1370,y_kick,poly,490,,A
1378,y_kick,poly,491,,A
1384,y_kick,poly,492,,A
1394,y_kick,poly,493,,A
1404,y_kick,poly,494,,A
1430,y_kick,poly,495,,A
1438,y_kick,poly,496,,A
1450,y_kick,poly,497,,A
1458,y_kick,poly,498,,A
1464,y_kick,poly,499,,A
1475,y_kick,poly,500,,A
1485,y_kick,poly,501,,A
1500,y_kick,poly,502,,A
1508,y_kick,poly,503,,A
1520,y_kick,poly,504,,A
1528,y_kick,poly,505,,A
1534,y_kick,poly,506,,A
1544,y_kick,poly,507,,A
1554,y_kick,poly,508,,A
1580,y_kick,poly,509,,A
1588,y_kick,poly,510,,A
1600,y_kick,poly,511,,A
1608,y_kick,poly,512,,A
1614,y_kick,poly,513,,A
1625,y_kick,poly,514,,A
1635,y_kick,poly,515,,A
1659,y_kick,poly,516,,A
1667,y_kick,poly,517,,A
1679,y_kick,poly,518,,A
1687,y_kick,poly,519,,A
1693,y_kick,poly,520,,A
1703,y_kick,poly,521,,A
1713,y_kick,poly,522,,A
1768,y_kick,poly,523,,A
1776,y_kick,poly,524,,A
1788,y_kick,poly,525,,A
1796,y_kick,poly,526,,A
1802,y_kick,poly,527,,A
1812,y_kick,poly,528,,A
1822,y_kick,poly,529,,A
1846,y_kick,poly,530,,A
1854,y_kick,poly,531,,A
1866,y_kick,poly,532,,A
1874,y_kick,poly,533,,A
1880,y_kick,poly,534,,A
1891,y_kick,poly,535,,A
1901,y_kick,poly,536,,A
1925,y_kick,poly,537,,A
1933,y_kick,poly,538,,A
1945,y_kick,poly,539,,A
1953,y_kick,poly,540,,A
1959,y_kick,poly,541,,A
1970,y_kick,poly,542,,A
1980,y_kick,poly,543,,A
2004,y_kick,poly,544,,A
2012,y_kick,poly,545,,A
2024,y_kick,poly,546,,A
2032,y_kick,poly,547,,A
2038,y_kick,poly,548,,A
2049,y_kick,poly,549,,A
2059,y_kick,poly,550,,A
2083,y_kick,poly,551,,A
2091,y_kick,poly,552,,A
2103,y_kick,poly,553,,A
2111,y_kick,poly,554,,A
2117,y_kick,poly,555,,A
2128,y_kick,poly,556,,A
2138,y_kick,poly,557,,A
