id,field,get_pv,set_pv,enable_pv,enable_value
3,x,SR01C-DI-EBPM-01:SA:X,,SR01C-DI-EBPM-01:CF:ENABLED_S,1
3,y,SR01C-DI-EBPM-01:SA:Y,,SR01C-DI-EBPM-01:CF:ENABLED_S,1
5,b1,SR01A-PC-Q1D-01:I,SR01A-PC-Q1D-01:SETI,,
8,b2,SR01A-PC-S1D-01:I,SR01A-PC-S1D-01:SETI,,
8,b0,SR01A-PC-HSTR-01:I,SR01A-PC-HSTR-01:SETI,,
8,a0,SR01A-PC-VSTR-01:I,SR01A-PC-VSTR-01:SETI,,
11,b1,SR01A-PC-Q2D-02:I,SR01A-PC-Q2D-02:SETI,,
13,b1,SR01A-PC-Q3D-03:I,SR01A-PC-Q3D-03:SETI,,
16,b2,SR01A-PC-S2D-02:I,SR01A-PC-S2D-02:SETI,,
16,b0,SR01A-PC-HSTR-02:I,SR01A-PC-HSTR-02:SETI,,
16,a0,SR01A-PC-VSTR-02:I,SR01A-PC-VSTR-02:SETI,,
19,x,SR01C-DI-EBPM-02:SA:X,,SR01C-DI-EBPM-02:CF:ENABLED_S,1
19,y,SR01C-DI-EBPM-02:SA:Y,,SR01C-DI-EBPM-02:CF:ENABLED_S,1
21,b0,SR-PC-DIPOL-01:I,SR-PC-DIPOL-01:SETI,,
23,b1,SR01A-PC-Q2AD-04:I,SR01A-PC-Q2AD-04:SETI,,
25,x,SR01C-DI-EBPM-03:SA:X,,SR01C-DI-EBPM-03:CF:ENABLED_S,1
25,y,SR01C-DI-EBPM-03:SA:Y,,SR01C-DI-EBPM-03:CF:ENABLED_S,1
28,b2,SR01A-PC-S2A-03:I,SR01A-PC-S2A-03:SETI,,
28,b0,SR01A-PC-HSTR-03:I,SR01A-PC-HSTR-03:SETI,,
28,a0,SR01A-PC-VSTR-03:I,SR01A-PC-VSTR-03:SETI,,
31,b1,SR01A-PC-Q1AD-05:I,SR01A-PC-Q1AD-05:SETI,,
33,x,SR01C-DI-EBPM-04:SA:X,,SR01C-DI-EBPM-04:CF:ENABLED_S,1
33,y,SR01C-DI-EBPM-04:SA:Y,,SR01C-DI-EBPM-04:CF:ENABLED_S,1
36,b2,SR01A-PC-S1A-04:I,SR01A-PC-S1A-04:SETI,,
36,b0,SR01A-PC-HSTR-04:I,SR01A-PC-HSTR-04:SETI,,
36,a0,SR01A-PC-VSTR-04:I,SR01A-PC-VSTR-04:SETI,,
39,b1,SR01A-PC-Q1AB-06:I,SR01A-PC-Q1AB-06:SETI,,
42,b2,SR01A-PC-S2A-05:I,SR01A-PC-S2A-05:SETI,,
42,b0,SR01A-PC-HSTR-05:I,SR01A-PC-HSTR-05:SETI,,
42,a0,SR01A-PC-VSTR-05:I,SR01A-PC-VSTR-05:SETI,,
45,b1,SR01A-PC-Q2AB-07:I,SR01A-PC-Q2AB-07:SETI,,
47,x,SR01C-DI-EBPM-05:SA:X,,SR01C-DI-EBPM-05:CF:ENABLED_S,1
47,y,SR01C-DI-EBPM-05:SA:Y,,SR01C-DI-EBPM-05:CF:ENABLED_S,1
49,b0,SR-PC-DIPOL-01:I,SR-PC-DIPOL-01:SETI,,
52,b2,SR01A-PC-S2C-06:I,SR01A-PC-S2C-06:SETI,,
52,b0,SR01A-PC-HSTR-06:I,SR01A-PC-HSTR-06:SETI,,
52,a0,SR01A-PC-VSTR-06:I,SR01A-PC-VSTR-06:SETI,,
55,b1,SR01A-PC-Q3B-08:I,SR01A-PC-Q3B-08:SETI,,
57,x,SR01C-DI-EBPM-06:SA:X,,SR01C-DI-EBPM-06:CF:ENABLED_S,1
57,y,SR01C-DI-EBPM-06:SA:Y,,SR01C-DI-EBPM-06:CF:ENABLED_S,1
59,b1,SR01A-PC-Q2B-09:I,SR01A-PC-Q2B-09:SETI,,
62,b2,SR01A-PC-S1C-07:I,SR01A-PC-S1C-07:SETI,,
62,b0,SR01A-PC-HSTR-07:I,SR01A-PC-HSTR-07:SETI,,
62,a0,SR01A-PC-VSTR-07:I,SR01A-PC-VSTR-07:SETI,,
65,b1,SR01A-PC-Q1B-10:I,SR01A-PC-Q1B-10:SETI,,
67,x,SR01C-DI-EBPM-07:SA:X,,SR01C-DI-EBPM-07:CF:ENABLED_S,1
67,y,SR01C-DI-EBPM-07:SA:Y,,SR01C-DI-EBPM-07:CF:ENABLED_S,1
95,x,SR02C-DI-EBPM-01:SA:X,,SR02C-DI-EBPM-01:CF:ENABLED_S,1
95,y,SR02C-DI-EBPM-01:SA:Y,,SR02C-DI-EBPM-01:CF:ENABLED_S,1
99,b1,SR02A-PC-Q1BE-01:I,SR02A-PC-Q1BE-01:SETI,,
101,b2,SR02A-PC-S1BE-01:I,SR02A-PC-S1BE-01:SETI,,
101,b0,SR02A-PC-HSTR-01:I,SR02A-PC-HSTR-01:SETI,,
101,a0,SR02A-PC-VSTR-01:I,SR02A-PC-VSTR-01:SETI,,
103,b1,SR02A-PC-Q2BE-02:I,SR02A-PC-Q2BE-02:SETI,,
107,b2,SR02A-PC-S2BE-02:I,SR02A-PC-S2BE-02:SETI,,
111,b0,SR-PC-DIPOL-01:I,SR-PC-DIPOL-01:SETI,,
118,x,SR02C-DI-EBPM-02:SA:X,,SR02C-DI-EBPM-02:CF:ENABLED_S,1
118,y,SR02C-DI-EBPM-02:SA:Y,,SR02C-DI-EBPM-02:CF:ENABLED_S,1
120,b2,SR02A-PC-S3E-03:I,SR02A-PC-S3E-03:SETI,,
122,b1,SR02A-PC-Q3E-03:I,SR02A-PC-Q3E-03:SETI,,
126,b2,SR02A-PC-S4E-04:I,SR02A-PC-S4E-04:SETI,,
126,b0,SR02A-PC-HSTR-04:I,SR02A-PC-HSTR-04:SETI,,
126,a0,SR02A-PC-VSTR-04:I,SR02A-PC-VSTR-04:SETI,,
128,b1,SR02A-PC-Q3E-04:I,SR02A-PC-Q3E-04:SETI,,
130,b2,SR02A-PC-S3E-05:I,SR02A-PC-S3E-05:SETI,,
130,b0,SR02A-PC-HSTR-05:I,SR02A-PC-HSTR-05:SETI,,
130,a0,SR02A-PC-VSTR-05:I,SR02A-PC-VSTR-05:SETI,,
134,x,SR02C-DI-EBPM-03:SA:X,,SR02C-DI-EBPM-03:CF:ENABLED_S,1
134,y,SR02C-DI-EBPM-03:SA:Y,,SR02C-DI-EBPM-03:CF:ENABLED_S,1
136,b0,SR-PC-DIPOL-01:I,SR-PC-DIPOL-01:SETI,,
138,b0,SR02A-PC-HSCOR-01:I,SR02A-PC-HSCOR-01:SETI,,
138,a0,SR02A-PC-VSCOR-01:I,SR02A-PC-VSCOR-01:SETI,,
140,b1,SR02A-PC-Q4E-05:I,SR02A-PC-Q4E-05:SETI,,
145,x,SR02C-DI-EBPM-04:SA:X,,SR02C-DI-EBPM-04:CF:ENABLED_S,1
145,y,SR02C-DI-EBPM-04:SA:Y,,SR02C-DI-EBPM-04:CF:ENABLED_S,1
153,x,SR02C-DI-EBPM-05:SA:X,,SR02C-DI-EBPM-05:CF:ENABLED_S,1
153,y,SR02C-DI-EBPM-05:SA:Y,,SR02C-DI-EBPM-05:CF:ENABLED_S,1
155,b1,SR02A-PC-Q4E-06:I,SR02A-PC-Q4E-06:SETI,,
156,b0,SR02A-PC-HSCOR-02:I,SR02A-PC-HSCOR-02:SETI,,
156,a0,SR02A-PC-VSCOR-02:I,SR02A-PC-VSCOR-02:SETI,,
160,b0,SR-PC-DIPOL-01:I,SR-PC-DIPOL-01:SETI,,
167,b2,SR02A-PC-S3E-06:I,SR02A-PC-S3E-06:SETI,,
169,b1,SR02A-PC-Q3E-07:I,SR02A-PC-Q3E-07:SETI,,
173,x,SR02C-DI-EBPM-06:SA:X,,SR02C-DI-EBPM-06:CF:ENABLED_S,1
173,y,SR02C-DI-EBPM-06:SA:Y,,SR02C-DI-EBPM-06:CF:ENABLED_S,1
175,b2,SR02A-PC-S4E-07:I,SR02A-PC-S4E-07:SETI,,
175,b0,SR02A-PC-HSTR-07:I,SR02A-PC-HSTR-07:SETI,,
175,a0,SR02A-PC-VSTR-07:I,SR02A-PC-VSTR-07:SETI,,
177,b1,SR02A-PC-Q3E-08:I,SR02A-PC-Q3E-08:SETI,,
179,b2,SR02A-PC-S3E-08:I,SR02A-PC-S3E-08:SETI,,
179,b0,SR02A-PC-HSTR-08:I,SR02A-PC-HSTR-08:SETI,,
179,a0,SR02A-PC-VSTR-08:I,SR02A-PC-VSTR-08:SETI,,
183,x,SR02C-DI-EBPM-07:SA:X,,SR02C-DI-EBPM-07:CF:ENABLED_S,1
183,y,SR02C-DI-EBPM-07:SA:Y,,SR02C-DI-EBPM-07:CF:ENABLED_S,1
185,b0,SR-PC-DIPOL-01:I,SR-PC-DIPOL-01:SETI,,
190,b2,SR02A-PC-S2BE-09:I,SR02A-PC-S2BE-09:SETI,,
194,b1,SR02A-PC-Q2BE-09:I,SR02A-PC-Q2BE-09:SETI,,
198,b2,SR02A-PC-S1BE-10:I,SR02A-PC-S1BE-10:SETI,,
198,b0,SR02A-PC-HSTR-10:I,SR02A-PC-HSTR-10:SETI,,
198,a0,SR02A-PC-VSTR-10:I,SR02A-PC-VSTR-10:SETI,,
200,b1,SR02A-PC-Q1BE-10:I,SR02A-PC-Q1BE-10:SETI,,
208,x,SR02C-DI-EBPM-08:SA:X,,SR02C-DI-EBPM-08:CF:ENABLED_S,1
208,y,SR02C-DI-EBPM-08:SA:Y,,SR02C-DI-EBPM-08:CF:ENABLED_S,1
236,x,SR03C-DI-EBPM-01:SA:X,,SR03C-DI-EBPM-01:CF:ENABLED_S,1
236,y,SR03C-DI-EBPM-01:SA:Y,,SR03C-DI-EBPM-01:CF:ENABLED_S,1
238,b1,SR03A-PC-Q1B-01:I,SR03A-PC-Q1B-01:SETI,,
241,b2,SR03A-PC-S1B-01:I,SR03A-PC-S1B-01:SETI,,
241,b0,SR03A-PC-HSTR-01:I,SR03A-PC-HSTR-01:SETI,,
241,a0,SR03A-PC-VSTR-01:I,SR03A-PC-VSTR-01:SETI,,
244,b1,SR03A-PC-Q2B-02:I,SR03A-PC-Q2B-02:SETI,,
246,b1,SR03A-PC-Q3B-03:I,SR03A-PC-Q3B-03:SETI,,
249,b2,SR03A-PC-S2B-02:I,SR03A-PC-S2B-02:SETI,,
249,b0,SR03A-PC-HSTR-02:I,SR03A-PC-HSTR-02:SETI,,
249,a0,SR03A-PC-VSTR-02:I,SR03A-PC-VSTR-02:SETI,,
252,x,SR03C-DI-EBPM-02:SA:X,,SR03C-DI-EBPM-02:CF:ENABLED_S,1
252,y,SR03C-DI-EBPM-02:SA:Y,,SR03C-DI-EBPM-02:CF:ENABLED_S,1
254,b0,SR-PC-DIPOL-01:I,SR-PC-DIPOL-01:SETI,,
256,b1,SR03A-PC-Q2AB-04:I,SR03A-PC-Q2AB-04:SETI,,
258,x,SR03C-DI-EBPM-03:SA:X,,SR03C-DI-EBPM-03:CF:ENABLED_S,1
258,y,SR03C-DI-EBPM-03:SA:Y,,SR03C-DI-EBPM-03:CF:ENABLED_S,1
261,b2,SR03A-PC-S2A-03:I,SR03A-PC-S2A-03:SETI,,
261,b0,SR03A-PC-HSTR-03:I,SR03A-PC-HSTR-03:SETI,,
261,a0,SR03A-PC-VSTR-03:I,SR03A-PC-VSTR-03:SETI,,
264,b1,SR03A-PC-Q1AB-05:I,SR03A-PC-Q1AB-05:SETI,,
266,x,SR03C-DI-EBPM-04:SA:X,,SR03C-DI-EBPM-04:CF:ENABLED_S,1
266,y,SR03C-DI-EBPM-04:SA:Y,,SR03C-DI-EBPM-04:CF:ENABLED_S,1
269,b2,SR03A-PC-S1A-04:I,SR03A-PC-S1A-04:SETI,,
269,b0,SR03A-PC-HSTR-04:I,SR03A-PC-HSTR-04:SETI,,
269,a0,SR03A-PC-VSTR-04:I,SR03A-PC-VSTR-04:SETI,,
272,b1,SR03A-PC-Q1AB-06:I,SR03A-PC-Q1AB-06:SETI,,
275,b2,SR03A-PC-S2A-05:I,SR03A-PC-S2A-05:SETI,,
275,b0,SR03A-PC-HSTR-05:I,SR03A-PC-HSTR-05:SETI,,
275,a0,SR03A-PC-VSTR-05:I,SR03A-PC-VSTR-05:SETI,,
278,b1,SR03A-PC-Q2AB-07:I,SR03A-PC-Q2AB-07:SETI,,
280,x,SR03C-DI-EBPM-05:SA:X,,SR03C-DI-EBPM-05:CF:ENABLED_S,1
280,y,SR03C-DI-EBPM-05:SA:Y,,SR03C-DI-EBPM-05:CF:ENABLED_S,1
282,b0,SR-PC-DIPOL-01:I,SR-PC-DIPOL-01:SETI,,
285,b2,SR03A-PC-S2B-06:I,SR03A-PC-S2B-06:SETI,,
285,b0,SR03A-PC-HSTR-06:I,SR03A-PC-HSTR-06:SETI,,
285,a0,SR03A-PC-VSTR-06:I,SR03A-PC-VSTR-06:SETI,,
288,b1,SR03A-PC-Q3B-08:I,SR03A-PC-Q3B-08:SETI,,
290,x,SR03C-DI-EBPM-06:SA:X,,SR03C-DI-EBPM-06:CF:ENABLED_S,1
290,y,SR03C-DI-EBPM-06:SA:Y,,SR03C-DI-EBPM-06:CF:ENABLED_S,1
292,b1,SR03A-PC-Q2B-09:I,SR03A-PC-Q2B-09:SETI,,
295,b2,SR03A-PC-S1B-07:I,SR03A-PC-S1B-07:SETI,,
295,b0,SR03A-PC-HSTR-07:I,SR03A-PC-HSTR-07:SETI,,
295,a0,SR03A-PC-VSTR-07:I,SR03A-PC-VSTR-07:SETI,,
298,b1,SR03A-PC-Q1B-10:I,SR03A-PC-Q1B-10:SETI,,
300,x,SR03C-DI-EBPM-07:SA:X,,SR03C-DI-EBPM-07:CF:ENABLED_S,1
300,y,SR03C-DI-EBPM-07:SA:Y,,SR03C-DI-EBPM-07:CF:ENABLED_S,1
338,x,SR04C-DI-EBPM-01:SA:X,,SR04C-DI-EBPM-01:CF:ENABLED_S,1
338,y,SR04C-DI-EBPM-01:SA:Y,,SR04C-DI-EBPM-01:CF:ENABLED_S,1
340,b1,SR04A-PC-Q1B-01:I,SR04A-PC-Q1B-01:SETI,,
343,b2,SR04A-PC-S1C-01:I,SR04A-PC-S1C-01:SETI,,
343,b0,SR04A-PC-HSTR-01:I,SR04A-PC-HSTR-01:SETI,,
343,a0,SR04A-PC-VSTR-01:I,SR04A-PC-VSTR-01:SETI,,
346,b1,SR04A-PC-Q2B-02:I,SR04A-PC-Q2B-02:SETI,,
348,b1,SR04A-PC-Q3B-03:I,SR04A-PC-Q3B-03:SETI,,
351,b2,SR04A-PC-S2C-02:I,SR04A-PC-S2C-02:SETI,,
351,b0,SR04A-PC-HSTR-02:I,SR04A-PC-HSTR-02:SETI,,
351,a0,SR04A-PC-VSTR-02:I,SR04A-PC-VSTR-02:SETI,,
354,x,SR04C-DI-EBPM-02:SA:X,,SR04C-DI-EBPM-02:CF:ENABLED_S,1
354,y,SR04C-DI-EBPM-02:SA:Y,,SR04C-DI-EBPM-02:CF:ENABLED_S,1
356,b0,SR-PC-DIPOL-01:I,SR-PC-DIPOL-01:SETI,,
358,b1,SR04A-PC-Q2AB-04:I,SR04A-PC-Q2AB-04:SETI,,
360,x,SR04C-DI-EBPM-03:SA:X,,SR04C-DI-EBPM-03:CF:ENABLED_S,1
360,y,SR04C-DI-EBPM-03:SA:Y,,SR04C-DI-EBPM-03:CF:ENABLED_S,1
363,b2,SR04A-PC-S2A-03:I,SR04A-PC-S2A-03:SETI,,
363,b0,SR04A-PC-HSTR-03:I,SR04A-PC-HSTR-03:SETI,,
363,a0,SR04A-PC-VSTR-03:I,SR04A-PC-VSTR-03:SETI,,
366,b1,SR04A-PC-Q1AB-05:I,SR04A-PC-Q1AB-05:SETI,,
368,x,SR04C-DI-EBPM-04:SA:X,,SR04C-DI-EBPM-04:CF:ENABLED_S,1
368,y,SR04C-DI-EBPM-04:SA:Y,,SR04C-DI-EBPM-04:CF:ENABLED_S,1
371,b2,SR04A-PC-S1A-04:I,SR04A-PC-S1A-04:SETI,,
371,b0,SR04A-PC-HSTR-04:I,SR04A-PC-HSTR-04:SETI,,
371,a0,SR04A-PC-VSTR-04:I,SR04A-PC-VSTR-04:SETI,,
374,b1,SR04A-PC-Q1AD-06:I,SR04A-PC-Q1AD-06:SETI,,
377,b2,SR04A-PC-S2A-05:I,SR04A-PC-S2A-05:SETI,,
377,b0,SR04A-PC-HSTR-05:I,SR04A-PC-HSTR-05:SETI,,
377,a0,SR04A-PC-VSTR-05:I,SR04A-PC-VSTR-05:SETI,,
380,b1,SR04A-PC-Q2AD-07:I,SR04A-PC-Q2AD-07:SETI,,
382,x,SR04C-DI-EBPM-05:SA:X,,SR04C-DI-EBPM-05:CF:ENABLED_S,1
382,y,SR04C-DI-EBPM-05:SA:Y,,SR04C-DI-EBPM-05:CF:ENABLED_S,1
384,b0,SR-PC-DIPOL-01:I,SR-PC-DIPOL-01:SETI,,
387,b2,SR04A-PC-S2D-06:I,SR04A-PC-S2D-06:SETI,,
387,b0,SR04A-PC-HSTR-06:I,SR04A-PC-HSTR-06:SETI,,
387,a0,SR04A-PC-VSTR-06:I,SR04A-PC-VSTR-06:SETI,,
390,b1,SR04A-PC-Q3D-08:I,SR04A-PC-Q3D-08:SETI,,
392,x,SR04C-DI-EBPM-06:SA:X,,SR04C-DI-EBPM-06:CF:ENABLED_S,1
392,y,SR04C-DI-EBPM-06:SA:Y,,SR04C-DI-EBPM-06:CF:ENABLED_S,1
394,b1,SR04A-PC-Q2D-09:I,SR04A-PC-Q2D-09:SETI,,
397,b2,SR04A-PC-S1D-07:I,SR04A-PC-S1D-07:SETI,,
397,b0,SR04A-PC-HSTR-07:I,SR04A-PC-HSTR-07:SETI,,
397,a0,SR04A-PC-VSTR-07:I,SR04A-PC-VSTR-07:SETI,,
400,b1,SR04A-PC-Q1D-10:I,SR04A-PC-Q1D-10:SETI,,
402,x,SR04C-DI-EBPM-07:SA:X,,SR04C-DI-EBPM-07:CF:ENABLED_S,1
402,y,SR04C-DI-EBPM-07:SA:Y,,SR04C-DI-EBPM-07:CF:ENABLED_S,1
419,x,SR05C-DI-EBPM-01:SA:X,,SR05C-DI-EBPM-01:CF:ENABLED_S,1
419,y,SR05C-DI-EBPM-01:SA:Y,,SR05C-DI-EBPM-01:CF:ENABLED_S,1
421,b1,SR05A-PC-Q1D-01:I,SR05A-PC-Q1D-01:SETI,,
424,b2,SR05A-PC-S1D-01:I,SR05A-PC-S1D-01:SETI,,
424,b0,SR05A-PC-HSTR-01:I,SR05A-PC-HSTR-01:SETI,,
424,a0,SR05A-PC-VSTR-01:I,SR05A-PC-VSTR-01:SETI,,
427,b1,SR05A-PC-Q2D-02:I,SR05A-PC-Q2D-02:SETI,,
429,b1,SR05A-PC-Q3D-03:I,SR05A-PC-Q3D-03:SETI,,
432,b2,SR05A-PC-S2D-02:I,SR05A-PC-S2D-02:SETI,,
432,b0,SR05A-PC-HSTR-02:I,SR05A-PC-HSTR-02:SETI,,
432,a0,SR05A-PC-VSTR-02:I,SR05A-PC-VSTR-02:SETI,,
435,x,SR05C-DI-EBPM-02:SA:X,,SR05C-DI-EBPM-02:CF:ENABLED_S,1
435,y,SR05C-DI-EBPM-02:SA:Y,,SR05C-DI-EBPM-02:CF:ENABLED_S,1
437,b0,SR-PC-DIPOL-01:I,SR-PC-DIPOL-01:SETI,,
439,b1,SR05A-PC-Q2AD-04:I,SR05A-PC-Q2AD-04:SETI,,
441,x,SR05C-DI-EBPM-03:SA:X,,SR05C-DI-EBPM-03:CF:ENABLED_S,1
441,y,SR05C-DI-EBPM-03:SA:Y,,SR05C-DI-EBPM-03:CF:ENABLED_S,1
444,b2,SR05A-PC-S2A-03:I,SR05A-PC-S2A-03:SETI,,
444,b0,SR05A-PC-HSTR-03:I,SR05A-PC-HSTR-03:SETI,,
444,a0,SR05A-PC-VSTR-03:I,SR05A-PC-VSTR-03:SETI,,
447,b1,SR05A-PC-Q1AD-05:I,SR05A-PC-Q1AD-05:SETI,,
449,x,SR05C-DI-EBPM-04:SA:X,,SR05C-DI-EBPM-04:CF:ENABLED_S,1
449,y,SR05C-DI-EBPM-04:SA:Y,,SR05C-DI-EBPM-04:CF:ENABLED_S,1
452,b2,SR05A-PC-S1A-04:I,SR05A-PC-S1A-04:SETI,,
452,b0,SR05A-PC-HSTR-04:I,SR05A-PC-HSTR-04:SETI,,
452,a0,SR05A-PC-VSTR-04:I,SR05A-PC-VSTR-04:SETI,,
455,b1,SR05A-PC-Q1AB-06:I,SR05A-PC-Q1AB-06:SETI,,
458,b2,SR05A-PC-S2A-05:I,SR05A-PC-S2A-05:SETI,,
458,b0,SR05A-PC-HSTR-05:I,SR05A-PC-HSTR-05:SETI,,
458,a0,SR05A-PC-VSTR-05:I,SR05A-PC-VSTR-05:SETI,,
461,b1,SR05A-PC-Q2AB-07:I,SR05A-PC-Q2AB-07:SETI,,
463,x,SR05C-DI-EBPM-05:SA:X,,SR05C-DI-EBPM-05:CF:ENABLED_S,1
463,y,SR05C-DI-EBPM-05:SA:Y,,SR05C-DI-EBPM-05:CF:ENABLED_S,1
465,b0,SR-PC-DIPOL-01:I,SR-PC-DIPOL-01:SETI,,
468,b2,SR05A-PC-S2C-06:I,SR05A-PC-S2C-06:SETI,,
468,b0,SR05A-PC-HSTR-06:I,SR05A-PC-HSTR-06:SETI,,
468,a0,SR05A-PC-VSTR-06:I,SR05A-PC-VSTR-06:SETI,,
471,b1,SR05A-PC-Q3B-08:I,SR05A-PC-Q3B-08:SETI,,
473,x,SR05C-DI-EBPM-06:SA:X,,SR05C-DI-EBPM-06:CF:ENABLED_S,1
473,y,SR05C-DI-EBPM-06:SA:Y,,SR05C-DI-EBPM-06:CF:ENABLED_S,1
475,b1,SR05A-PC-Q2B-09:I,SR05A-PC-Q2B-09:SETI,,
478,b2,SR05A-PC-S1C-07:I,SR05A-PC-S1C-07:SETI,,
478,b0,SR05A-PC-HSTR-07:I,SR05A-PC-HSTR-07:SETI,,
478,a0,SR05A-PC-VSTR-07:I,SR05A-PC-VSTR-07:SETI,,
481,b1,SR05A-PC-Q1B-10:I,SR05A-PC-Q1B-10:SETI,,
483,x,SR05C-DI-EBPM-07:SA:X,,SR05C-DI-EBPM-07:CF:ENABLED_S,1
483,y,SR05C-DI-EBPM-07:SA:Y,,SR05C-DI-EBPM-07:CF:ENABLED_S,1
510,x,SR06C-DI-EBPM-01:SA:X,,SR06C-DI-EBPM-01:CF:ENABLED_S,1
510,y,SR06C-DI-EBPM-01:SA:Y,,SR06C-DI-EBPM-01:CF:ENABLED_S,1
512,b1,SR06A-PC-Q1B-01:I,SR06A-PC-Q1B-01:SETI,,
515,b2,SR06A-PC-S1B-01:I,SR06A-PC-S1B-01:SETI,,
515,b0,SR06A-PC-HSTR-01:I,SR06A-PC-HSTR-01:SETI,,
515,a0,SR06A-PC-VSTR-01:I,SR06A-PC-VSTR-01:SETI,,
518,b1,SR06A-PC-Q2B-02:I,SR06A-PC-Q2B-02:SETI,,
520,b1,SR06A-PC-Q3B-03:I,SR06A-PC-Q3B-03:SETI,,
523,b2,SR06A-PC-S2B-02:I,SR06A-PC-S2B-02:SETI,,
523,b0,SR06A-PC-HSTR-02:I,SR06A-PC-HSTR-02:SETI,,
523,a0,SR06A-PC-VSTR-02:I,SR06A-PC-VSTR-02:SETI,,
526,x,SR06C-DI-EBPM-02:SA:X,,SR06C-DI-EBPM-02:CF:ENABLED_S,1
526,y,SR06C-DI-EBPM-02:SA:Y,,SR06C-DI-EBPM-02:CF:ENABLED_S,1
528,b0,SR-PC-DIPOL-01:I,SR-PC-DIPOL-01:SETI,,
530,b1,SR06A-PC-Q2AB-04:I,SR06A-PC-Q2AB-04:SETI,,
532,x,SR06C-DI-EBPM-03:SA:X,,SR06C-DI-EBPM-03:CF:ENABLED_S,1
532,y,SR06C-DI-EBPM-03:SA:Y,,SR06C-DI-EBPM-03:CF:ENABLED_S,1
535,b2,SR06A-PC-S2A-03:I,SR06A-PC-S2A-03:SETI,,
535,b0,SR06A-PC-HSTR-03:I,SR06A-PC-HSTR-03:SETI,,
535,a0,SR06A-PC-VSTR-03:I,SR06A-PC-VSTR-03:SETI,,
538,b1,SR06A-PC-Q1AB-05:I,SR06A-PC-Q1AB-05:SETI,,
540,x,SR06C-DI-EBPM-04:SA:X,,SR06C-DI-EBPM-04:CF:ENABLED_S,1
540,y,SR06C-DI-EBPM-04:SA:Y,,SR06C-DI-EBPM-04:CF:ENABLED_S,1
543,b2,SR06A-PC-S1A-04:I,SR06A-PC-S1A-04:SETI,,
543,b0,SR06A-PC-HSTR-04:I,SR06A-PC-HSTR-04:SETI,,
543,a0,SR06A-PC-VSTR-04:I,SR06A-PC-VSTR-04:SETI,,
546,b1,SR06A-PC-Q1AB-06:I,SR06A-PC-Q1AB-06:SETI,,
549,b2,SR06A-PC-S2A-05:I,SR06A-PC-S2A-05:SETI,,
549,b0,SR06A-PC-HSTR-05:I,SR06A-PC-HSTR-05:SETI,,
549,a0,SR06A-PC-VSTR-05:I,SR06A-PC-VSTR-05:SETI,,
552,b1,SR06A-PC-Q2AB-07:I,SR06A-PC-Q2AB-07:SETI,,
554,x,SR06C-DI-EBPM-05:SA:X,,SR06C-DI-EBPM-05:CF:ENABLED_S,1
554,y,SR06C-DI-EBPM-05:SA:Y,,SR06C-DI-EBPM-05:CF:ENABLED_S,1
556,b0,SR-PC-DIPOL-01:I,SR-PC-DIPOL-01:SETI,,
559,b2,SR06A-PC-S2B-06:I,SR06A-PC-S2B-06:SETI,,
559,b0,SR06A-PC-HSTR-06:I,SR06A-PC-HSTR-06:SETI,,
559,a0,SR06A-PC-VSTR-06:I,SR06A-PC-VSTR-06:SETI,,
562,b1,SR06A-PC-Q3B-08:I,SR06A-PC-Q3B-08:SETI,,
564,x,SR06C-DI-EBPM-06:SA:X,,SR06C-DI-EBPM-06:CF:ENABLED_S,1
564,y,SR06C-DI-EBPM-06:SA:Y,,SR06C-DI-EBPM-06:CF:ENABLED_S,1
566,b1,SR06A-PC-Q2B-09:I,SR06A-PC-Q2B-09:SETI,,
569,b2,SR06A-PC-S1B-07:I,SR06A-PC-S1B-07:SETI,,
569,b0,SR06A-PC-HSTR-07:I,SR06A-PC-HSTR-07:SETI,,
569,a0,SR06A-PC-VSTR-07:I,SR06A-PC-VSTR-07:SETI,,
572,b1,SR06A-PC-Q1B-10:I,SR06A-PC-Q1B-10:SETI,,
574,x,SR06C-DI-EBPM-07:SA:X,,SR06C-DI-EBPM-07:CF:ENABLED_S,1
574,y,SR06C-DI-EBPM-07:SA:Y,,SR06C-DI-EBPM-07:CF:ENABLED_S,1
602,x,SR07C-DI-EBPM-01:SA:X,,SR07C-DI-EBPM-01:CF:ENABLED_S,1
602,y,SR07C-DI-EBPM-01:SA:Y,,SR07C-DI-EBPM-01:CF:ENABLED_S,1
604,b1,SR07A-PC-Q1B-01:I,SR07A-PC-Q1B-01:SETI,,
607,b2,SR07A-PC-S1B-01:I,SR07A-PC-S1B-01:SETI,,
607,b0,SR07A-PC-HSTR-01:I,SR07A-PC-HSTR-01:SETI,,
607,a0,SR07A-PC-VSTR-01:I,SR07A-PC-VSTR-01:SETI,,
610,b1,SR07A-PC-Q2B-02:I,SR07A-PC-Q2B-02:SETI,,
612,b1,SR07A-PC-Q3B-03:I,SR07A-PC-Q3B-03:SETI,,
615,b2,SR07A-PC-S2B-02:I,SR07A-PC-S2B-02:SETI,,
615,b0,SR07A-PC-HSTR-02:I,SR07A-PC-HSTR-02:SETI,,
615,a0,SR07A-PC-VSTR-02:I,SR07A-PC-VSTR-02:SETI,,
618,x,SR07C-DI-EBPM-02:SA:X,,SR07C-DI-EBPM-02:CF:ENABLED_S,1
618,y,SR07C-DI-EBPM-02:SA:Y,,SR07C-DI-EBPM-02:CF:ENABLED_S,1
620,b0,SR-PC-DIPOL-01:I,SR-PC-DIPOL-01:SETI,,
622,b1,SR07A-PC-Q2AB-04:I,SR07A-PC-Q2AB-04:SETI,,
624,x,SR07C-DI-EBPM-03:SA:X,,SR07C-DI-EBPM-03:CF:ENABLED_S,1
624,y,SR07C-DI-EBPM-03:SA:Y,,SR07C-DI-EBPM-03:CF:ENABLED_S,1
627,b2,SR07A-PC-S2A-03:I,SR07A-PC-S2A-03:SETI,,
627,b0,SR07A-PC-HSTR-03:I,SR07A-PC-HSTR-03:SETI,,
627,a0,SR07A-PC-VSTR-03:I,SR07A-PC-VSTR-03:SETI,,
630,b1,SR07A-PC-Q1AB-05:I,SR07A-PC-Q1AB-05:SETI,,
632,x,SR07C-DI-EBPM-04:SA:X,,SR07C-DI-EBPM-04:CF:ENABLED_S,1
632,y,SR07C-DI-EBPM-04:SA:Y,,SR07C-DI-EBPM-04:CF:ENABLED_S,1
635,b2,SR07A-PC-S1A-04:I,SR07A-PC-S1A-04:SETI,,
635,b0,SR07A-PC-HSTR-04:I,SR07A-PC-HSTR-04:SETI,,
635,a0,SR07A-PC-VSTR-04:I,SR07A-PC-VSTR-04:SETI,,
638,b1,SR07A-PC-Q1AB-06:I,SR07A-PC-Q1AB-06:SETI,,
641,b2,SR07A-PC-S2A-05:I,SR07A-PC-S2A-05:SETI,,
641,b0,SR07A-PC-HSTR-05:I,SR07A-PC-HSTR-05:SETI,,
641,a0,SR07A-PC-VSTR-05:I,SR07A-PC-VSTR-05:SETI,,
644,b1,SR07A-PC-Q2AB-07:I,SR07A-PC-Q2AB-07:SETI,,
646,x,SR07C-DI-EBPM-05:SA:X,,SR07C-DI-EBPM-05:CF:ENABLED_S,1
646,y,SR07C-DI-EBPM-05:SA:Y,,SR07C-DI-EBPM-05:CF:ENABLED_S,1
649,b0,SR-PC-DIPOL-01:I,SR-PC-DIPOL-01:SETI,,
652,b2,SR07A-PC-S2B-06:I,SR07A-PC-S2B-06:SETI,,
652,b0,SR07A-PC-HSTR-06:I,SR07A-PC-HSTR-06:SETI,,
652,a0,SR07A-PC-VSTR-06:I,SR07A-PC-VSTR-06:SETI,,
655,b1,SR07A-PC-Q3B-08:I,SR07A-PC-Q3B-08:SETI,,
657,x,SR07C-DI-EBPM-06:SA:X,,SR07C-DI-EBPM-06:CF:ENABLED_S,1
657,y,SR07C-DI-EBPM-06:SA:Y,,SR07C-DI-EBPM-06:CF:ENABLED_S,1
659,b1,SR07A-PC-Q2B-09:I,SR07A-PC-Q2B-09:SETI,,
662,b2,SR07A-PC-S1B-07:I,SR07A-PC-S1B-07:SETI,,
662,b0,SR07A-PC-HSTR-07:I,SR07A-PC-HSTR-07:SETI,,
662,a0,SR07A-PC-VSTR-07:I,SR07A-PC-VSTR-07:SETI,,
665,b1,SR07A-PC-Q1B-10:I,SR07A-PC-Q1B-10:SETI,,
667,x,SR07C-DI-EBPM-07:SA:X,,SR07C-DI-EBPM-07:CF:ENABLED_S,1
667,y,SR07C-DI-EBPM-07:SA:Y,,SR07C-DI-EBPM-07:CF:ENABLED_S,1
681,x,SR08C-DI-EBPM-01:SA:X,,SR08C-DI-EBPM-01:CF:ENABLED_S,1
681,y,SR08C-DI-EBPM-01:SA:Y,,SR08C-DI-EBPM-01:CF:ENABLED_S,1
683,b1,SR08A-PC-Q1B-01:I,SR08A-PC-Q1B-01:SETI,,
686,b2,SR08A-PC-S1C-01:I,SR08A-PC-S1C-01:SETI,,
686,b0,SR08A-PC-HSTR-01:I,SR08A-PC-HSTR-01:SETI,,
686,a0,SR08A-PC-VSTR-01:I,SR08A-PC-VSTR-01:SETI,,
689,b1,SR08A-PC-Q2B-02:I,SR08A-PC-Q2B-02:SETI,,
691,b1,SR08A-PC-Q3B-03:I,SR08A-PC-Q3B-03:SETI,,
694,b2,SR08A-PC-S2C-02:I,SR08A-PC-S2C-02:SETI,,
694,b0,SR08A-PC-HSTR-02:I,SR08A-PC-HSTR-02:SETI,,
694,a0,SR08A-PC-VSTR-02:I,SR08A-PC-VSTR-02:SETI,,
697,x,SR08C-DI-EBPM-02:SA:X,,SR08C-DI-EBPM-02:CF:ENABLED_S,1
697,y,SR08C-DI-EBPM-02:SA:Y,,SR08C-DI-EBPM-02:CF:ENABLED_S,1
699,b0,SR-PC-DIPOL-01:I,SR-PC-DIPOL-01:SETI,,
701,b1,SR08A-PC-Q2AB-04:I,SR08A-PC-Q2AB-04:SETI,,
703,x,SR08C-DI-EBPM-03:SA:X,,SR08C-DI-EBPM-03:CF:ENABLED_S,1
703,y,SR08C-DI-EBPM-03:SA:Y,,SR08C-DI-EBPM-03:CF:ENABLED_S,1
706,b2,SR08A-PC-S2A-03:I,SR08A-PC-S2A-03:SETI,,
706,b0,SR08A-PC-HSTR-03:I,SR08A-PC-HSTR-03:SETI,,
706,a0,SR08A-PC-VSTR-03:I,SR08A-PC-VSTR-03:SETI,,
709,b1,SR08A-PC-Q1AB-05:I,SR08A-PC-Q1AB-05:SETI,,
711,x,SR08C-DI-EBPM-04:SA:X,,SR08C-DI-EBPM-04:CF:ENABLED_S,1
711,y,SR08C-DI-EBPM-04:SA:Y,,SR08C-DI-EBPM-04:CF:ENABLED_S,1
714,b2,SR08A-PC-S1A-04:I,SR08A-PC-S1A-04:SETI,,
714,b0,SR08A-PC-HSTR-04:I,SR08A-PC-HSTR-04:SETI,,
714,a0,SR08A-PC-VSTR-04:I,SR08A-PC-VSTR-04:SETI,,
717,b1,SR08A-PC-Q1AD-06:I,SR08A-PC-Q1AD-06:SETI,,
720,b2,SR08A-PC-S2A-05:I,SR08A-PC-S2A-05:SETI,,
720,b0,SR08A-PC-HSTR-05:I,SR08A-PC-HSTR-05:SETI,,
720,a0,SR08A-PC-VSTR-05:I,SR08A-PC-VSTR-05:SETI,,
723,b1,SR08A-PC-Q2AD-07:I,SR08A-PC-Q2AD-07:SETI,,
725,x,SR08C-DI-EBPM-05:SA:X,,SR08C-DI-EBPM-05:CF:ENABLED_S,1
725,y,SR08C-DI-EBPM-05:SA:Y,,SR08C-DI-EBPM-05:CF:ENABLED_S,1
727,b0,SR-PC-DIPOL-01:I,SR-PC-DIPOL-01:SETI,,
730,b2,SR08A-PC-S2D-06:I,SR08A-PC-S2D-06:SETI,,
730,b0,SR08A-PC-HSTR-06:I,SR08A-PC-HSTR-06:SETI,,
730,a0,SR08A-PC-VSTR-06:I,SR08A-PC-VSTR-06:SETI,,
733,b1,SR08A-PC-Q3D-08:I,SR08A-PC-Q3D-08:SETI,,
735,x,SR08C-DI-EBPM-06:SA:X,,SR08C-DI-EBPM-06:CF:ENABLED_S,1
735,y,SR08C-DI-EBPM-06:SA:Y,,SR08C-DI-EBPM-06:CF:ENABLED_S,1
737,b1,SR08A-PC-Q2D-09:I,SR08A-PC-Q2D-09:SETI,,
740,b2,SR08A-PC-S1D-07:I,SR08A-PC-S1D-07:SETI,,
740,b0,SR08A-PC-HSTR-07:I,SR08A-PC-HSTR-07:SETI,,
740,a0,SR08A-PC-VSTR-07:I,SR08A-PC-VSTR-07:SETI,,
743,b1,SR08A-PC-Q1D-10:I,SR08A-PC-Q1D-10:SETI,,
745,b1,SR08A-PC-QUADF-01:I,SR08A-PC-QUADF-01:SETI,,
751,x,SR08C-DI-EBPM-07:SA:X,,SR08C-DI-EBPM-07:CF:ENABLED_S,1
751,y,SR08C-DI-EBPM-07:SA:Y,,SR08C-DI-EBPM-07:CF:ENABLED_S,1
763,x,SR09S-DI-EBPM-01:SA:X,,SR09S-DI-EBPM-01:CF:ENABLED_S,1
763,y,SR09S-DI-EBPM-01:SA:Y,,SR09S-DI-EBPM-01:CF:ENABLED_S,1
764,b0,SR09S-PC-HSTR-01:I,SR09S-PC-HSTR-01:SETI,,
764,a0,SR09S-PC-VSTR-01:I,SR09S-PC-VSTR-01:SETI,,
770,b1,SR09S-PC-QUADD-02:I,SR09S-PC-QUADD-02:SETI,,
772,b1,SR09S-PC-QUADF-03:I,SR09S-PC-QUADF-03:SETI,,
774,x,SR09S-DI-EBPM-02:SA:X,,SR09S-DI-EBPM-02:CF:ENABLED_S,1
774,y,SR09S-DI-EBPM-02:SA:Y,,SR09S-DI-EBPM-02:CF:ENABLED_S,1
775,b0,SR09S-PC-HSTR-02:I,SR09S-PC-HSTR-02:SETI,,
775,a0,SR09S-PC-VSTR-02:I,SR09S-PC-VSTR-02:SETI,,
787,x,SR09C-DI-EBPM-01:SA:X,,SR09C-DI-EBPM-01:CF:ENABLED_S,1
787,y,SR09C-DI-EBPM-01:SA:Y,,SR09C-DI-EBPM-01:CF:ENABLED_S,1
793,b1,SR09A-PC-QUADF-04:I,SR09A-PC-QUADF-04:SETI,,
795,b1,SR09A-PC-Q1D-01:I,SR09A-PC-Q1D-01:SETI,,
798,b2,SR09A-PC-S1D-01:I,SR09A-PC-S1D-01:SETI,,
798,b0,SR09A-PC-HSTR-01:I,SR09A-PC-HSTR-01:SETI,,
798,a0,SR09A-PC-VSTR-01:I,SR09A-PC-VSTR-01:SETI,,
801,b1,SR09A-PC-Q2D-02:I,SR09A-PC-Q2D-02:SETI,,
803,b1,SR09A-PC-Q3D-03:I,SR09A-PC-Q3D-03:SETI,,
806,b2,SR09A-PC-S2D-02:I,SR09A-PC-S2D-02:SETI,,
806,b0,SR09A-PC-HSTR-02:I,SR09A-PC-HSTR-02:SETI,,
806,a0,SR09A-PC-VSTR-02:I,SR09A-PC-VSTR-02:SETI,,
809,x,SR09C-DI-EBPM-02:SA:X,,SR09C-DI-EBPM-02:CF:ENABLED_S,1
809,y,SR09C-DI-EBPM-02:SA:Y,,SR09C-DI-EBPM-02:CF:ENABLED_S,1
811,b0,SR-PC-DIPOL-01:I,SR-PC-DIPOL-01:SETI,,
813,b1,SR09A-PC-Q2AD-04:I,SR09A-PC-Q2AD-04:SETI,,
815,x,SR09C-DI-EBPM-03:SA:X,,SR09C-DI-EBPM-03:CF:ENABLED_S,1
815,y,SR09C-DI-EBPM-03:SA:Y,,SR09C-DI-EBPM-03:CF:ENABLED_S,1
818,b2,SR09A-PC-S2A-03:I,SR09A-PC-S2A-03:SETI,,
818,b0,SR09A-PC-HSTR-03:I,SR09A-PC-HSTR-03:SETI,,
818,a0,SR09A-PC-VSTR-03:I,SR09A-PC-VSTR-03:SETI,,
821,b1,SR09A-PC-Q1AD-05:I,SR09A-PC-Q1AD-05:SETI,,
823,x,SR09C-DI-EBPM-04:SA:X,,SR09C-DI-EBPM-04:CF:ENABLED_S,1
823,y,SR09C-DI-EBPM-04:SA:Y,,SR09C-DI-EBPM-04:CF:ENABLED_S,1
826,b2,SR09A-PC-S1A-04:I,SR09A-PC-S1A-04:SETI,,
826,b0,SR09A-PC-HSTR-04:I,SR09A-PC-HSTR-04:SETI,,
826,a0,SR09A-PC-VSTR-04:I,SR09A-PC-VSTR-04:SETI,,
829,b1,SR09A-PC-Q1AB-06:I,SR09A-PC-Q1AB-06:SETI,,
832,b2,SR09A-PC-S2A-05:I,SR09A-PC-S2A-05:SETI,,
832,b0,SR09A-PC-HSTR-05:I,SR09A-PC-HSTR-05:SETI,,
832,a0,SR09A-PC-VSTR-05:I,SR09A-PC-VSTR-05:SETI,,
835,b1,SR09A-PC-Q2AB-07:I,SR09A-PC-Q2AB-07:SETI,,
837,x,SR09C-DI-EBPM-05:SA:X,,SR09C-DI-EBPM-05:CF:ENABLED_S,1
837,y,SR09C-DI-EBPM-05:SA:Y,,SR09C-DI-EBPM-05:CF:ENABLED_S,1
839,b0,SR-PC-DIPOL-01:I,SR-PC-DIPOL-01:SETI,,
842,b2,SR09A-PC-S2C-06:I,SR09A-PC-S2C-06:SETI,,
842,b0,SR09A-PC-HSTR-06:I,SR09A-PC-HSTR-06:SETI,,
842,a0,SR09A-PC-VSTR-06:I,SR09A-PC-VSTR-06:SETI,,
845,b1,SR09A-PC-Q3B-08:I,SR09A-PC-Q3B-08:SETI,,
847,x,SR09C-DI-EBPM-06:SA:X,,SR09C-DI-EBPM-06:CF:ENABLED_S,1
847,y,SR09C-DI-EBPM-06:SA:Y,,SR09C-DI-EBPM-06:CF:ENABLED_S,1
849,b1,SR09A-PC-Q2B-09:I,SR09A-PC-Q2B-09:SETI,,
852,b2,SR09A-PC-S1C-07:I,SR09A-PC-S1C-07:SETI,,
852,b0,SR09A-PC-HSTR-07:I,SR09A-PC-HSTR-07:SETI,,
852,a0,SR09A-PC-VSTR-07:I,SR09A-PC-VSTR-07:SETI,,
855,b1,SR09A-PC-Q1B-10:I,SR09A-PC-Q1B-10:SETI,,
857,x,SR09C-DI-EBPM-07:SA:X,,SR09C-DI-EBPM-07:CF:ENABLED_S,1
857,y,SR09C-DI-EBPM-07:SA:Y,,SR09C-DI-EBPM-07:CF:ENABLED_S,1
907,x,SR10C-DI-EBPM-01:SA:X,,SR10C-DI-EBPM-01:CF:ENABLED_S,1
907,y,SR10C-DI-EBPM-01:SA:Y,,SR10C-DI-EBPM-01:CF:ENABLED_S,1
909,b1,SR10A-PC-Q1B-01:I,SR10A-PC-Q1B-01:SETI,,
912,b2,SR10A-PC-S1B-01:I,SR10A-PC-S1B-01:SETI,,
912,b0,SR10A-PC-HSTR-01:I,SR10A-PC-HSTR-01:SETI,,
912,a0,SR10A-PC-VSTR-01:I,SR10A-PC-VSTR-01:SETI,,
915,b1,SR10A-PC-Q2B-02:I,SR10A-PC-Q2B-02:SETI,,
917,b1,SR10A-PC-Q3B-03:I,SR10A-PC-Q3B-03:SETI,,
920,b2,SR10A-PC-S2B-02:I,SR10A-PC-S2B-02:SETI,,
920,b0,SR10A-PC-HSTR-02:I,SR10A-PC-HSTR-02:SETI,,
920,a0,SR10A-PC-VSTR-02:I,SR10A-PC-VSTR-02:SETI,,
923,x,SR10C-DI-EBPM-02:SA:X,,SR10C-DI-EBPM-02:CF:ENABLED_S,1
923,y,SR10C-DI-EBPM-02:SA:Y,,SR10C-DI-EBPM-02:CF:ENABLED_S,1
925,b0,SR-PC-DIPOL-01:I,SR-PC-DIPOL-01:SETI,,
927,b1,SR10A-PC-Q2AB-04:I,SR10A-PC-Q2AB-04:SETI,,
929,x,SR10C-DI-EBPM-03:SA:X,,SR10C-DI-EBPM-03:CF:ENABLED_S,1
929,y,SR10C-DI-EBPM-03:SA:Y,,SR10C-DI-EBPM-03:CF:ENABLED_S,1
932,b2,SR10A-PC-S2A-03:I,SR10A-PC-S2A-03:SETI,,
932,b0,SR10A-PC-HSTR-03:I,SR10A-PC-HSTR-03:SETI,,
932,a0,SR10A-PC-VSTR-03:I,SR10A-PC-VSTR-03:SETI,,
935,b1,SR10A-PC-Q1AB-05:I,SR10A-PC-Q1AB-05:SETI,,
937,x,SR10C-DI-EBPM-04:SA:X,,SR10C-DI-EBPM-04:CF:ENABLED_S,1
937,y,SR10C-DI-EBPM-04:SA:Y,,SR10C-DI-EBPM-04:CF:ENABLED_S,1
940,b2,SR10A-PC-S1A-04:I,SR10A-PC-S1A-04:SETI,,
940,b0,SR10A-PC-HSTR-04:I,SR10A-PC-HSTR-04:SETI,,
940,a0,SR10A-PC-VSTR-04:I,SR10A-PC-VSTR-04:SETI,,
943,b1,SR10A-PC-Q1AB-06:I,SR10A-PC-Q1AB-06:SETI,,
946,b2,SR10A-PC-S2A-05:I,SR10A-PC-S2A-05:SETI,,
946,b0,SR10A-PC-HSTR-05:I,SR10A-PC-HSTR-05:SETI,,
946,a0,SR10A-PC-VSTR-05:I,SR10A-PC-VSTR-05:SETI,,
949,b1,SR10A-PC-Q2AB-07:I,SR10A-PC-Q2AB-07:SETI,,
951,x,SR10C-DI-EBPM-05:SA:X,,SR10C-DI-EBPM-05:CF:ENABLED_S,1
951,y,SR10C-DI-EBPM-05:SA:Y,,SR10C-DI-EBPM-05:CF:ENABLED_S,1
953,b0,SR-PC-DIPOL-01:I,SR-PC-DIPOL-01:SETI,,
956,b2,SR10A-PC-S2B-06:I,SR10A-PC-S2B-06:SETI,,
956,b0,SR10A-PC-HSTR-06:I,SR10A-PC-HSTR-06:SETI,,
956,a0,SR10A-PC-VSTR-06:I,SR10A-PC-VSTR-06:SETI,,
959,b1,SR10A-PC-Q3B-08:I,SR10A-PC-Q3B-08:SETI,,
961,x,SR10C-DI-EBPM-06:SA:X,,SR10C-DI-EBPM-06:CF:ENABLED_S,1
961,y,SR10C-DI-EBPM-06:SA:Y,,SR10C-DI-EBPM-06:CF:ENABLED_S,1
963,b1,SR10A-PC-Q2B-09:I,SR10A-PC-Q2B-09:SETI,,
966,b2,SR10A-PC-S1B-07:I,SR10A-PC-S1B-07:SETI,,
966,b0,SR10A-PC-HSTR-07:I,SR10A-PC-HSTR-07:SETI,,
966,a0,SR10A-PC-VSTR-07:I,SR10A-PC-VSTR-07:SETI,,
969,b1,SR10A-PC-Q1B-10:I,SR10A-PC-Q1B-10:SETI,,
971,x,SR10C-DI-EBPM-07:SA:X,,SR10C-DI-EBPM-07:CF:ENABLED_S,1
971,y,SR10C-DI-EBPM-07:SA:Y,,SR10C-DI-EBPM-07:CF:ENABLED_S,1
985,x,SR11C-DI-EBPM-01:SA:X,,SR11C-DI-EBPM-01:CF:ENABLED_S,1
985,y,SR11C-DI-EBPM-01:SA:Y,,SR11C-DI-EBPM-01:CF:ENABLED_S,1
987,b1,SR11A-PC-Q1B-01:I,SR11A-PC-Q1B-01:SETI,,
990,b2,SR11A-PC-S1B-01:I,SR11A-PC-S1B-01:SETI,,
990,b0,SR11A-PC-HSTR-01:I,SR11A-PC-HSTR-01:SETI,,
990,a0,SR11A-PC-VSTR-01:I,SR11A-PC-VSTR-01:SETI,,
993,b1,SR11A-PC-Q2B-02:I,SR11A-PC-Q2B-02:SETI,,
995,b1,SR11A-PC-Q3B-03:I,SR11A-PC-Q3B-03:SETI,,
998,b2,SR11A-PC-S2B-02:I,SR11A-PC-S2B-02:SETI,,
998,b0,SR11A-PC-HSTR-02:I,SR11A-PC-HSTR-02:SETI,,
998,a0,SR11A-PC-VSTR-02:I,SR11A-PC-VSTR-02:SETI,,
1001,x,SR11C-DI-EBPM-02:SA:X,,SR11C-DI-EBPM-02:CF:ENABLED_S,1
1001,y,SR11C-DI-EBPM-02:SA:Y,,SR11C-DI-EBPM-02:CF:ENABLED_S,1
1003,b0,SR-PC-DIPOL-01:I,SR-PC-DIPOL-01:SETI,,
1005,b1,SR11A-PC-Q2AB-04:I,SR11A-PC-Q2AB-04:SETI,,
1007,x,SR11C-DI-EBPM-03:SA:X,,SR11C-DI-EBPM-03:CF:ENABLED_S,1
1007,y,SR11C-DI-EBPM-03:SA:Y,,SR11C-DI-EBPM-03:CF:ENABLED_S,1
1010,b2,SR11A-PC-S2A-03:I,SR11A-PC-S2A-03:SETI,,
1010,b0,SR11A-PC-HSTR-03:I,SR11A-PC-HSTR-03:SETI,,
1010,a0,SR11A-PC-VSTR-03:I,SR11A-PC-VSTR-03:SETI,,
1013,b1,SR11A-PC-Q1AB-05:I,SR11A-PC-Q1AB-05:SETI,,
1015,x,SR11C-DI-EBPM-04:SA:X,,SR11C-DI-EBPM-04:CF:ENABLED_S,1
1015,y,SR11C-DI-EBPM-04:SA:Y,,SR11C-DI-EBPM-04:CF:ENABLED_S,1
1018,b2,SR11A-PC-S1A-04:I,SR11A-PC-S1A-04:SETI,,
1018,b0,SR11A-PC-HSTR-04:I,SR11A-PC-HSTR-04:SETI,,
1018,a0,SR11A-PC-VSTR-04:I,SR11A-PC-VSTR-04:SETI,,
1021,b1,SR11A-PC-Q1AB-06:I,SR11A-PC-Q1AB-06:SETI,,
1029,b1,SR11A-PC-Q2AB-07:I,SR11A-PC-Q2AB-07:SETI,,
1031,x,SR11C-DI-EBPM-05:SA:X,,SR11C-DI-EBPM-05:CF:ENABLED_S,1
1031,y,SR11C-DI-EBPM-05:SA:Y,,SR11C-DI-EBPM-05:CF:ENABLED_S,1
1033,b0,SR-PC-DIPOL-01:I,SR-PC-DIPOL-01:SETI,,
1036,b2,SR11A-PC-S2B-06:I,SR11A-PC-S2B-06:SETI,,
1036,b0,SR11A-PC-HSTR-05:I,SR11A-PC-HSTR-05:SETI,,
1036,a0,SR11A-PC-VSTR-05:I,SR11A-PC-VSTR-05:SETI,,
1039,b1,SR11A-PC-Q3B-08:I,SR11A-PC-Q3B-08:SETI,,
1041,x,SR11C-DI-EBPM-06:SA:X,,SR11C-DI-EBPM-06:CF:ENABLED_S,1
1041,y,SR11C-DI-EBPM-06:SA:Y,,SR11C-DI-EBPM-06:CF:ENABLED_S,1
1043,b1,SR11A-PC-Q2B-09:I,SR11A-PC-Q2B-09:SETI,,
1046,b2,SR11A-PC-S2B-06:I,SR11A-PC-S2B-06:SETI,,
1046,b0,SR11A-PC-HSTR-06:I,SR11A-PC-HSTR-06:SETI,,
1046,a0,SR11A-PC-VSTR-06:I,SR11A-PC-VSTR-06:SETI,,
1049,b1,SR11A-PC-Q1B-10:I,SR11A-PC-Q1B-10:SETI,,
1051,x,SR11C-DI-EBPM-07:SA:X,,SR11C-DI-EBPM-07:CF:ENABLED_S,1
1051,y,SR11C-DI-EBPM-07:SA:Y,,SR11C-DI-EBPM-07:CF:ENABLED_S,1
1065,x,SR12C-DI-EBPM-01:SA:X,,SR12C-DI-EBPM-01:CF:ENABLED_S,1
1065,y,SR12C-DI-EBPM-01:SA:Y,,SR12C-DI-EBPM-01:CF:ENABLED_S,1
1067,b1,SR12A-PC-Q1B-01:I,SR12A-PC-Q1B-01:SETI,,
1070,b2,SR11A-PC-S1B-07:I,SR11A-PC-S1B-07:SETI,,
1070,b0,SR11A-PC-HSTR-07:I,SR11A-PC-HSTR-07:SETI,,
1070,a0,SR11A-PC-VSTR-07:I,SR11A-PC-VSTR-07:SETI,,
1073,b1,SR12A-PC-Q2B-02:I,SR12A-PC-Q2B-02:SETI,,
1075,b1,SR12A-PC-Q3B-03:I,SR12A-PC-Q3B-03:SETI,,
1078,b2,SR12A-PC-S1C-01:I,SR12A-PC-S1C-01:SETI,,
1078,b0,SR12A-PC-HSTR-02:I,SR12A-PC-HSTR-02:SETI,,
1078,a0,SR12A-PC-VSTR-02:I,SR12A-PC-VSTR-02:SETI,,
1081,x,SR12C-DI-EBPM-02:SA:X,,SR12C-DI-EBPM-02:CF:ENABLED_S,1
1081,y,SR12C-DI-EBPM-02:SA:Y,,SR12C-DI-EBPM-02:CF:ENABLED_S,1
1083,b0,SR-PC-DIPOL-01:I,SR-PC-DIPOL-01:SETI,,
1085,b1,SR12A-PC-Q2AB-04:I,SR12A-PC-Q2AB-04:SETI,,
1087,x,SR12C-DI-EBPM-03:SA:X,,SR12C-DI-EBPM-03:CF:ENABLED_S,1
1087,y,SR12C-DI-EBPM-03:SA:Y,,SR12C-DI-EBPM-03:CF:ENABLED_S,1
1090,b2,SR12A-PC-S2C-02:I,SR12A-PC-S2C-02:SETI,,
1090,b0,SR12A-PC-HSTR-03:I,SR12A-PC-HSTR-03:SETI,,
1090,a0,SR12A-PC-VSTR-03:I,SR12A-PC-VSTR-03:SETI,,
1093,b1,SR12A-PC-Q1AB-05:I,SR12A-PC-Q1AB-05:SETI,,
1095,x,SR12C-DI-EBPM-04:SA:X,,SR12C-DI-EBPM-04:CF:ENABLED_S,1
1095,y,SR12C-DI-EBPM-04:SA:Y,,SR12C-DI-EBPM-04:CF:ENABLED_S,1
1098,b2,SR12A-PC-S2A-03:I,SR12A-PC-S2A-03:SETI,,
1098,b0,SR12A-PC-HSTR-04:I,SR12A-PC-HSTR-04:SETI,,
1098,a0,SR12A-PC-VSTR-04:I,SR12A-PC-VSTR-04:SETI,,
1101,b1,SR12A-PC-Q1AD-06:I,SR12A-PC-Q1AD-06:SETI,,
1104,b2,SR12A-PC-S1A-04:I,SR12A-PC-S1A-04:SETI,,
1104,b0,SR12A-PC-HSTR-05:I,SR12A-PC-HSTR-05:SETI,,
1104,a0,SR12A-PC-VSTR-05:I,SR12A-PC-VSTR-05:SETI,,
1107,b1,SR12A-PC-Q2AD-07:I,SR12A-PC-Q2AD-07:SETI,,
1109,x,SR12C-DI-EBPM-05:SA:X,,SR12C-DI-EBPM-05:CF:ENABLED_S,1
1109,y,SR12C-DI-EBPM-05:SA:Y,,SR12C-DI-EBPM-05:CF:ENABLED_S,1
1111,b0,SR-PC-DIPOL-01:I,SR-PC-DIPOL-01:SETI,,
1114,b2,SR12A-PC-S2A-05:I,SR12A-PC-S2A-05:SETI,,
1114,b0,SR12A-PC-HSTR-06:I,SR12A-PC-HSTR-06:SETI,,
1114,a0,SR12A-PC-VSTR-06:I,SR12A-PC-VSTR-06:SETI,,
1117,b1,SR12A-PC-Q3D-08:I,SR12A-PC-Q3D-08:SETI,,
1119,x,SR12C-DI-EBPM-06:SA:X,,SR12C-DI-EBPM-06:CF:ENABLED_S,1
1119,y,SR12C-DI-EBPM-06:SA:Y,,SR12C-DI-EBPM-06:CF:ENABLED_S,1
1121,b1,SR12A-PC-Q2D-09:I,SR12A-PC-Q2D-09:SETI,,
1124,b2,SR12A-PC-S2D-06:I,SR12A-PC-S2D-06:SETI,,
1124,b0,SR12A-PC-HSTR-07:I,SR12A-PC-HSTR-07:SETI,,
1124,a0,SR12A-PC-VSTR-07:I,SR12A-PC-VSTR-07:SETI,,
1127,b1,SR12A-PC-Q1D-10:I,SR12A-PC-Q1D-10:SETI,,
1129,b1,SR12A-PC-QUADF-01:I,SR12A-PC-QUADF-01:SETI,,
1135,x,SR12C-DI-EBPM-07:SA:X,,SR12C-DI-EBPM-07:CF:ENABLED_S,1
1135,y,SR12C-DI-EBPM-07:SA:Y,,SR12C-DI-EBPM-07:CF:ENABLED_S,1
1147,x,SR13S-DI-EBPM-01:SA:X,,SR13S-DI-EBPM-01:CF:ENABLED_S,1
1147,y,SR13S-DI-EBPM-01:SA:Y,,SR13S-DI-EBPM-01:CF:ENABLED_S,1
1148,b0,SR13S-PC-HSTR-01:I,SR13S-PC-HSTR-01:SETI,,
1148,a0,SR13S-PC-VSTR-01:I,SR13S-PC-VSTR-01:SETI,,
1154,b1,SR13S-PC-QUADD-02:I,SR13S-PC-QUADD-02:SETI,,
1156,b1,SR13S-PC-QUADF-03:I,SR13S-PC-QUADF-03:SETI,,
1158,x,SR13S-DI-EBPM-02:SA:X,,SR13S-DI-EBPM-02:CF:ENABLED_S,1
1158,y,SR13S-DI-EBPM-02:SA:Y,,SR13S-DI-EBPM-02:CF:ENABLED_S,1
1159,b0,SR13S-PC-HSTR-02:I,SR13S-PC-HSTR-02:SETI,,
1159,a0,SR13S-PC-VSTR-02:I,SR13S-PC-VSTR-02:SETI,,
1171,x,SR13C-DI-EBPM-01:SA:X,,SR13C-DI-EBPM-01:CF:ENABLED_S,1
1171,y,SR13C-DI-EBPM-01:SA:Y,,SR13C-DI-EBPM-01:CF:ENABLED_S,1
1177,b1,SR13A-PC-QUADF-04:I,SR13A-PC-QUADF-04:SETI,,
1179,b1,SR13A-PC-Q1D-01:I,SR13A-PC-Q1D-01:SETI,,
1182,b2,SR12A-PC-S1D-07:I,SR12A-PC-S1D-07:SETI,,
1182,b0,SR13A-PC-HSTR-01:I,SR13A-PC-HSTR-01:SETI,,
1182,a0,SR13A-PC-VSTR-01:I,SR13A-PC-VSTR-01:SETI,,
1185,b1,SR13A-PC-Q2D-02:I,SR13A-PC-Q2D-02:SETI,,
1187,b1,SR13A-PC-Q3D-03:I,SR13A-PC-Q3D-03:SETI,,
1190,b2,SR13A-PC-S1D-01:I,SR13A-PC-S1D-01:SETI,,
1190,b0,SR13A-PC-HSTR-02:I,SR13A-PC-HSTR-02:SETI,,
1190,a0,SR13A-PC-VSTR-02:I,SR13A-PC-VSTR-02:SETI,,
1193,x,SR13C-DI-EBPM-02:SA:X,,SR13C-DI-EBPM-02:CF:ENABLED_S,1
1193,y,SR13C-DI-EBPM-02:SA:Y,,SR13C-DI-EBPM-02:CF:ENABLED_S,1
1195,b0,SR-PC-DIPOL-01:I,SR-PC-DIPOL-01:SETI,,
1197,b1,SR13A-PC-Q2AD-04:I,SR13A-PC-Q2AD-04:SETI,,
1199,x,SR13C-DI-EBPM-03:SA:X,,SR13C-DI-EBPM-03:CF:ENABLED_S,1
1199,y,SR13C-DI-EBPM-03:SA:Y,,SR13C-DI-EBPM-03:CF:ENABLED_S,1
1202,b2,SR13A-PC-S2D-02:I,SR13A-PC-S2D-02:SETI,,
1202,b0,SR13A-PC-HSTR-03:I,SR13A-PC-HSTR-03:SETI,,
1202,a0,SR13A-PC-VSTR-03:I,SR13A-PC-VSTR-03:SETI,,
1205,b1,SR13A-PC-Q1AD-05:I,SR13A-PC-Q1AD-05:SETI,,
1207,x,SR13C-DI-EBPM-04:SA:X,,SR13C-DI-EBPM-04:CF:ENABLED_S,1
1207,y,SR13C-DI-EBPM-04:SA:Y,,SR13C-DI-EBPM-04:CF:ENABLED_S,1
1210,b2,SR13A-PC-S2A-03:I,SR13A-PC-S2A-03:SETI,,
1210,b0,SR13A-PC-HSTR-04:I,SR13A-PC-HSTR-04:SETI,,
1210,a0,SR13A-PC-VSTR-04:I,SR13A-PC-VSTR-04:SETI,,
1213,b1,SR13A-PC-Q1AB-06:I,SR13A-PC-Q1AB-06:SETI,,
1216,b2,SR13A-PC-S1A-04:I,SR13A-PC-S1A-04:SETI,,
1216,b0,SR13A-PC-HSTR-05:I,SR13A-PC-HSTR-05:SETI,,
1216,a0,SR13A-PC-VSTR-05:I,SR13A-PC-VSTR-05:SETI,,
1219,b1,SR13A-PC-Q2AB-07:I,SR13A-PC-Q2AB-07:SETI,,
1221,x,SR13C-DI-EBPM-05:SA:X,,SR13C-DI-EBPM-05:CF:ENABLED_S,1
1221,y,SR13C-DI-EBPM-05:SA:Y,,SR13C-DI-EBPM-05:CF:ENABLED_S,1
1223,b0,SR-PC-DIPOL-01:I,SR-PC-DIPOL-01:SETI,,
1226,b2,SR13A-PC-S2A-05:I,SR13A-PC-S2A-05:SETI,,
1226,b0,SR13A-PC-HSTR-06:I,SR13A-PC-HSTR-06:SETI,,
1226,a0,SR13A-PC-VSTR-06:I,SR13A-PC-VSTR-06:SETI,,
1229,b1,SR13A-PC-Q3B-08:I,SR13A-PC-Q3B-08:SETI,,
1231,x,SR13C-DI-EBPM-06:SA:X,,SR13C-DI-EBPM-06:CF:ENABLED_S,1
1231,y,SR13C-DI-EBPM-06:SA:Y,,SR13C-DI-EBPM-06:CF:ENABLED_S,1
1233,b1,SR13A-PC-Q2B-09:I,SR13A-PC-Q2B-09:SETI,,
1236,b2,SR13A-PC-S2C-06:I,SR13A-PC-S2C-06:SETI,,
1236,b0,SR13A-PC-HSTR-07:I,SR13A-PC-HSTR-07:SETI,,
1236,a0,SR13A-PC-VSTR-07:I,SR13A-PC-VSTR-07:SETI,,
1239,b1,SR13A-PC-Q1B-10:I,SR13A-PC-Q1B-10:SETI,,
1241,x,SR13C-DI-EBPM-07:SA:X,,SR13C-DI-EBPM-07:CF:ENABLED_S,1
1241,y,SR13C-DI-EBPM-07:SA:Y,,SR13C-DI-EBPM-07:CF:ENABLED_S,1
1255,x,SR14C-DI-EBPM-01:SA:X,,SR14C-DI-EBPM-01:CF:ENABLED_S,1
1255,y,SR14C-DI-EBPM-01:SA:Y,,SR14C-DI-EBPM-01:CF:ENABLED_S,1
1257,b1,SR14A-PC-Q1B-01:I,SR14A-PC-Q1B-01:SETI,,
1260,b2,SR13A-PC-S1C-07:I,SR13A-PC-S1C-07:SETI,,
1260,b0,SR14A-PC-HSTR-01:I,SR14A-PC-HSTR-01:SETI,,
1260,a0,SR14A-PC-VSTR-01:I,SR14A-PC-VSTR-01:SETI,,
1263,b1,SR14A-PC-Q2B-02:I,SR14A-PC-Q2B-02:SETI,,
1265,b1,SR14A-PC-Q3B-03:I,SR14A-PC-Q3B-03:SETI,,
1268,b2,SR14A-PC-S1B-01:I,SR14A-PC-S1B-01:SETI,,
1268,b0,SR14A-PC-HSTR-02:I,SR14A-PC-HSTR-02:SETI,,
1268,a0,SR14A-PC-VSTR-02:I,SR14A-PC-VSTR-02:SETI,,
1271,x,SR14C-DI-EBPM-02:SA:X,,SR14C-DI-EBPM-02:CF:ENABLED_S,1
1271,y,SR14C-DI-EBPM-02:SA:Y,,SR14C-DI-EBPM-02:CF:ENABLED_S,1
1273,b0,SR-PC-DIPOL-01:I,SR-PC-DIPOL-01:SETI,,
1275,b1,SR14A-PC-Q2AB-04:I,SR14A-PC-Q2AB-04:SETI,,
1277,x,SR14C-DI-EBPM-03:SA:X,,SR14C-DI-EBPM-03:CF:ENABLED_S,1
1277,y,SR14C-DI-EBPM-03:SA:Y,,SR14C-DI-EBPM-03:CF:ENABLED_S,1
1280,b2,SR14A-PC-S2B-02:I,SR14A-PC-S2B-02:SETI,,
1280,b0,SR14A-PC-HSTR-03:I,SR14A-PC-HSTR-03:SETI,,
1280,a0,SR14A-PC-VSTR-03:I,SR14A-PC-VSTR-03:SETI,,
1283,b1,SR14A-PC-Q1AB-05:I,SR14A-PC-Q1AB-05:SETI,,
1285,x,SR14C-DI-EBPM-04:SA:X,,SR14C-DI-EBPM-04:CF:ENABLED_S,1
1285,y,SR14C-DI-EBPM-04:SA:Y,,SR14C-DI-EBPM-04:CF:ENABLED_S,1
1288,b2,SR14A-PC-S2A-03:I,SR14A-PC-S2A-03:SETI,,
1288,b0,SR14A-PC-HSTR-04:I,SR14A-PC-HSTR-04:SETI,,
1288,a0,SR14A-PC-VSTR-04:I,SR14A-PC-VSTR-04:SETI,,
1291,b1,SR14A-PC-Q1AB-06:I,SR14A-PC-Q1AB-06:SETI,,
1294,b2,SR14A-PC-S1A-04:I,SR14A-PC-S1A-04:SETI,,
1294,b0,SR14A-PC-HSTR-05:I,SR14A-PC-HSTR-05:SETI,,
1294,a0,SR14A-PC-VSTR-05:I,SR14A-PC-VSTR-05:SETI,,
1297,b1,SR14A-PC-Q2AB-07:I,SR14A-PC-Q2AB-07:SETI,,
1299,x,SR14C-DI-EBPM-05:SA:X,,SR14C-DI-EBPM-05:CF:ENABLED_S,1
1299,y,SR14C-DI-EBPM-05:SA:Y,,SR14C-DI-EBPM-05:CF:ENABLED_S,1
1301,b0,SR-PC-DIPOL-01:I,SR-PC-DIPOL-01:SETI,,
1304,b2,SR14A-PC-S2A-05:I,SR14A-PC-S2A-05:SETI,,
1304,b0,SR14A-PC-HSTR-06:I,SR14A-PC-HSTR-06:SETI,,
1304,a0,SR14A-PC-VSTR-06:I,SR14A-PC-VSTR-06:SETI,,
1307,b1,SR14A-PC-Q3B-08:I,SR14A-PC-Q3B-08:SETI,,
1309,x,SR14C-DI-EBPM-06:SA:X,,SR14C-DI-EBPM-06:CF:ENABLED_S,1
1309,y,SR14C-DI-EBPM-06:SA:Y,,SR14C-DI-EBPM-06:CF:ENABLED_S,1
1311,b1,SR14A-PC-Q2B-09:I,SR14A-PC-Q2B-09:SETI,,
1314,b2,SR14A-PC-S2B-06:I,SR14A-PC-S2B-06:SETI,,
1314,b0,SR14A-PC-HSTR-07:I,SR14A-PC-HSTR-07:SETI,,
1314,a0,SR14A-PC-VSTR-07:I,SR14A-PC-VSTR-07:SETI,,
1317,b1,SR14A-PC-Q1B-10:I,SR14A-PC-Q1B-10:SETI,,
1319,x,SR14C-DI-EBPM-07:SA:X,,SR14C-DI-EBPM-07:CF:ENABLED_S,1
1319,y,SR14C-DI-EBPM-07:SA:Y,,SR14C-DI-EBPM-07:CF:ENABLED_S,1
1333,x,SR15C-DI-EBPM-01:SA:X,,SR15C-DI-EBPM-01:CF:ENABLED_S,1
1333,y,SR15C-DI-EBPM-01:SA:Y,,SR15C-DI-EBPM-01:CF:ENABLED_S,1
1335,b1,SR15A-PC-Q1B-01:I,SR15A-PC-Q1B-01:SETI,,
1338,b2,SR14A-PC-S1B-07:I,SR14A-PC-S1B-07:SETI,,
1338,b0,SR15A-PC-HSTR-01:I,SR15A-PC-HSTR-01:SETI,,
1338,a0,SR15A-PC-VSTR-01:I,SR15A-PC-VSTR-01:SETI,,
1341,b1,SR15A-PC-Q2B-02:I,SR15A-PC-Q2B-02:SETI,,
1343,b1,SR15A-PC-Q3B-03:I,SR15A-PC-Q3B-03:SETI,,
1346,b2,SR15A-PC-S1B-01:I,SR15A-PC-S1B-01:SETI,,
1346,b0,SR15A-PC-HSTR-02:I,SR15A-PC-HSTR-02:SETI,,
1346,a0,SR15A-PC-VSTR-02:I,SR15A-PC-VSTR-02:SETI,,
1349,x,SR15C-DI-EBPM-02:SA:X,,SR15C-DI-EBPM-02:CF:ENABLED_S,1
1349,y,SR15C-DI-EBPM-02:SA:Y,,SR15C-DI-EBPM-02:CF:ENABLED_S,1
1351,b0,SR-PC-DIPOL-01:I,SR-PC-DIPOL-01:SETI,,
1353,b1,SR15A-PC-Q2AB-04:I,SR15A-PC-Q2AB-04:SETI,,
1355,x,SR15C-DI-EBPM-03:SA:X,,SR15C-DI-EBPM-03:CF:ENABLED_S,1
1355,y,SR15C-DI-EBPM-03:SA:Y,,SR15C-DI-EBPM-03:CF:ENABLED_S,1
1358,b2,SR15A-PC-S2B-02:I,SR15A-PC-S2B-02:SETI,,
1358,b0,SR15A-PC-HSTR-03:I,SR15A-PC-HSTR-03:SETI,,
1358,a0,SR15A-PC-VSTR-03:I,SR15A-PC-VSTR-03:SETI,,
1361,b1,SR15A-PC-Q1AB-05:I,SR15A-PC-Q1AB-05:SETI,,
1363,x,SR15C-DI-EBPM-04:SA:X,,SR15C-DI-EBPM-04:CF:ENABLED_S,1
1363,y,SR15C-DI-EBPM-04:SA:Y,,SR15C-DI-EBPM-04:CF:ENABLED_S,1
1366,b2,SR15A-PC-S2A-03:I,SR15A-PC-S2A-03:SETI,,
1366,b0,SR15A-PC-HSTR-04:I,SR15A-PC-HSTR-04:SETI,,
1366,a0,SR15A-PC-VSTR-04:I,SR15A-PC-VSTR-04:SETI,,
1369,b1,SR15A-PC-Q1AB-06:I,SR15A-PC-Q1AB-06:SETI,,
1372,b2,SR15A-PC-S1A-04:I,SR15A-PC-S1A-04:SETI,,
1372,b0,SR15A-PC-HSTR-05:I,SR15A-PC-HSTR-05:SETI,,
1372,a0,SR15A-PC-VSTR-05:I,SR15A-PC-VSTR-05:SETI,,
1375,b1,SR15A-PC-Q2AB-07:I,SR15A-PC-Q2AB-07:SETI,,
1377,x,SR15C-DI-EBPM-05:SA:X,,SR15C-DI-EBPM-05:CF:ENABLED_S,1
1377,y,SR15C-DI-EBPM-05:SA:Y,,SR15C-DI-EBPM-05:CF:ENABLED_S,1
1379,b0,SR-PC-DIPOL-01:I,SR-PC-DIPOL-01:SETI,,
1382,b2,SR15A-PC-S2A-05:I,SR15A-PC-S2A-05:SETI,,
1382,b0,SR15A-PC-HSTR-06:I,SR15A-PC-HSTR-06:SETI,,
1382,a0,SR15A-PC-VSTR-06:I,SR15A-PC-VSTR-06:SETI,,
1385,b1,SR15A-PC-Q3B-08:I,SR15A-PC-Q3B-08:SETI,,
1387,x,SR15C-DI-EBPM-06:SA:X,,SR15C-DI-EBPM-06:CF:ENABLED_S,1
1387,y,SR15C-DI-EBPM-06:SA:Y,,SR15C-DI-EBPM-06:CF:ENABLED_S,1
1389,b1,SR15A-PC-Q2B-09:I,SR15A-PC-Q2B-09:SETI,,
1392,b2,SR15A-PC-S2B-06:I,SR15A-PC-S2B-06:SETI,,
1392,b0,SR15A-PC-HSTR-07:I,SR15A-PC-HSTR-07:SETI,,
1392,a0,SR15A-PC-VSTR-07:I,SR15A-PC-VSTR-07:SETI,,
1395,b1,SR15A-PC-Q1B-10:I,SR15A-PC-Q1B-10:SETI,,
1397,x,SR15C-DI-EBPM-07:SA:X,,SR15C-DI-EBPM-07:CF:ENABLED_S,1
1397,y,SR15C-DI-EBPM-07:SA:Y,,SR15C-DI-EBPM-07:CF:ENABLED_S,1
1413,x,SR16C-DI-EBPM-01:SA:X,,SR16C-DI-EBPM-01:CF:ENABLED_S,1
1413,y,SR16C-DI-EBPM-01:SA:Y,,SR16C-DI-EBPM-01:CF:ENABLED_S,1
1415,b1,SR16A-PC-Q1B-01:I,SR16A-PC-Q1B-01:SETI,,
1418,b2,SR15A-PC-S1B-07:I,SR15A-PC-S1B-07:SETI,,
1418,b0,SR16A-PC-HSTR-01:I,SR16A-PC-HSTR-01:SETI,,
1418,a0,SR16A-PC-VSTR-01:I,SR16A-PC-VSTR-01:SETI,,
1421,b1,SR16A-PC-Q2B-02:I,SR16A-PC-Q2B-02:SETI,,
1423,b1,SR16A-PC-Q3B-03:I,SR16A-PC-Q3B-03:SETI,,
1426,b2,SR16A-PC-S1C-01:I,SR16A-PC-S1C-01:SETI,,
1426,b0,SR16A-PC-HSTR-02:I,SR16A-PC-HSTR-02:SETI,,
1426,a0,SR16A-PC-VSTR-02:I,SR16A-PC-VSTR-02:SETI,,
1429,x,SR16C-DI-EBPM-02:SA:X,,SR16C-DI-EBPM-02:CF:ENABLED_S,1
1429,y,SR16C-DI-EBPM-02:SA:Y,,SR16C-DI-EBPM-02:CF:ENABLED_S,1
1431,b0,SR-PC-DIPOL-01:I,SR-PC-DIPOL-01:SETI,,
1433,b1,SR16A-PC-Q2AB-04:I,SR16A-PC-Q2AB-04:SETI,,
1435,x,SR16C-DI-EBPM-03:SA:X,,SR16C-DI-EBPM-03:CF:ENABLED_S,1
1435,y,SR16C-DI-EBPM-03:SA:Y,,SR16C-DI-EBPM-03:CF:ENABLED_S,1
1438,b2,SR16A-PC-S2C-02:I,SR16A-PC-S2C-02:SETI,,
1438,b0,SR16A-PC-HSTR-03:I,SR16A-PC-HSTR-03:SETI,,
1438,a0,SR16A-PC-VSTR-03:I,SR16A-PC-VSTR-03:SETI,,
1441,b1,SR16A-PC-Q1AB-05:I,SR16A-PC-Q1AB-05:SETI,,
1443,x,SR16C-DI-EBPM-04:SA:X,,SR16C-DI-EBPM-04:CF:ENABLED_S,1
1443,y,SR16C-DI-EBPM-04:SA:Y,,SR16C-DI-EBPM-04:CF:ENABLED_S,1
1446,b2,SR16A-PC-S2A-03:I,SR16A-PC-S2A-03:SETI,,
1446,b0,SR16A-PC-HSTR-04:I,SR16A-PC-HSTR-04:SETI,,
1446,a0,SR16A-PC-VSTR-04:I,SR16A-PC-VSTR-04:SETI,,
1449,b1,SR16A-PC-Q1AD-06:I,SR16A-PC-Q1AD-06:SETI,,
1452,b2,SR16A-PC-S1A-04:I,SR16A-PC-S1A-04:SETI,,
1452,b0,SR16A-PC-HSTR-05:I,SR16A-PC-HSTR-05:SETI,,
1452,a0,SR16A-PC-VSTR-05:I,SR16A-PC-VSTR-05:SETI,,
1455,b1,SR16A-PC-Q2AD-07:I,SR16A-PC-Q2AD-07:SETI,,
1457,x,SR16C-DI-EBPM-05:SA:X,,SR16C-DI-EBPM-05:CF:ENABLED_S,1
1457,y,SR16C-DI-EBPM-05:SA:Y,,SR16C-DI-EBPM-05:CF:ENABLED_S,1
1460,b0,SR-PC-DIPOL-01:I,SR-PC-DIPOL-01:SETI,,
1463,b2,SR16A-PC-S2A-05:I,SR16A-PC-S2A-05:SETI,,
1463,b0,SR16A-PC-HSTR-06:I,SR16A-PC-HSTR-06:SETI,,
1463,a0,SR16A-PC-VSTR-06:I,SR16A-PC-VSTR-06:SETI,,
1466,b1,SR16A-PC-Q3D-08:I,SR16A-PC-Q3D-08:SETI,,
1468,x,SR16C-DI-EBPM-06:SA:X,,SR16C-DI-EBPM-06:CF:ENABLED_S,1
1468,y,SR16C-DI-EBPM-06:SA:Y,,SR16C-DI-EBPM-06:CF:ENABLED_S,1
1470,b1,SR16A-PC-Q2D-09:I,SR16A-PC-Q2D-09:SETI,,
1473,b2,SR16A-PC-S2D-06:I,SR16A-PC-S2D-06:SETI,,
1473,b0,SR16A-PC-HSTR-07:I,SR16A-PC-HSTR-07:SETI,,
1473,a0,SR16A-PC-VSTR-07:I,SR16A-PC-VSTR-07:SETI,,
1476,b1,SR16A-PC-Q1D-10:I,SR16A-PC-Q1D-10:SETI,,
1478,x,SR16C-DI-EBPM-07:SA:X,,SR16C-DI-EBPM-07:CF:ENABLED_S,1
1478,y,SR16C-DI-EBPM-07:SA:Y,,SR16C-DI-EBPM-07:CF:ENABLED_S,1
1480,f,LI-RF-MOSC-01:FREQ,LI-RF-MOSC-01:FREQ_SET,,
1483,x,SR17C-DI-EBPM-01:SA:X,,SR17C-DI-EBPM-01:CF:ENABLED_S,1
1483,y,SR17C-DI-EBPM-01:SA:Y,,SR17C-DI-EBPM-01:CF:ENABLED_S,1
1485,b1,SR17A-PC-Q1D-01:I,SR17A-PC-Q1D-01:SETI,,
1488,b2,SR16A-PC-S1D-07:I,SR16A-PC-S1D-07:SETI,,
1488,b0,SR17A-PC-HSTR-01:I,SR17A-PC-HSTR-01:SETI,,
1488,a0,SR17A-PC-VSTR-01:I,SR17A-PC-VSTR-01:SETI,,
1491,b1,SR17A-PC-Q2D-02:I,SR17A-PC-Q2D-02:SETI,,
1493,b1,SR17A-PC-Q3D-03:I,SR17A-PC-Q3D-03:SETI,,
1496,b2,SR17A-PC-S1D-01:I,SR17A-PC-S1D-01:SETI,,
1496,b0,SR17A-PC-HSTR-02:I,SR17A-PC-HSTR-02:SETI,,
1496,a0,SR17A-PC-VSTR-02:I,SR17A-PC-VSTR-02:SETI,,
1499,x,SR17C-DI-EBPM-02:SA:X,,SR17C-DI-EBPM-02:CF:ENABLED_S,1
1499,y,SR17C-DI-EBPM-02:SA:Y,,SR17C-DI-EBPM-02:CF:ENABLED_S,1
1501,b0,SR-PC-DIPOL-01:I,SR-PC-DIPOL-01:SETI,,
1503,b1,SR17A-PC-Q2AD-04:I,SR17A-PC-Q2AD-04:SETI,,
1505,x,SR17C-DI-EBPM-03:SA:X,,SR17C-DI-EBPM-03:CF:ENABLED_S,1
1505,y,SR17C-DI-EBPM-03:SA:Y,,SR17C-DI-EBPM-03:CF:ENABLED_S,1
1508,b2,SR17A-PC-S2D-02:I,SR17A-PC-S2D-02:SETI,,
1508,b0,SR17A-PC-HSTR-03:I,SR17A-PC-HSTR-03:SETI,,
1508,a0,SR17A-PC-VSTR-03:I,SR17A-PC-VSTR-03:SETI,,
1511,b1,SR17A-PC-Q1AD-05:I,SR17A-PC-Q1AD-05:SETI,,
1513,x,SR17C-DI-EBPM-04:SA:X,,SR17C-DI-EBPM-04:CF:ENABLED_S,1
1513,y,SR17C-DI-EBPM-04:SA:Y,,SR17C-DI-EBPM-04:CF:ENABLED_S,1
1516,b2,SR17A-PC-S2A-03:I,SR17A-PC-S2A-03:SETI,,
1516,b0,SR17A-PC-HSTR-04:I,SR17A-PC-HSTR-04:SETI,,
1516,a0,SR17A-PC-VSTR-04:I,SR17A-PC-VSTR-04:SETI,,
1519,b1,SR17A-PC-Q1AB-06:I,SR17A-PC-Q1AB-06:SETI,,
1522,b2,SR17A-PC-S1A-04:I,SR17A-PC-S1A-04:SETI,,
1522,b0,SR17A-PC-HSTR-05:I,SR17A-PC-HSTR-05:SETI,,
1522,a0,SR17A-PC-VSTR-05:I,SR17A-PC-VSTR-05:SETI,,
1525,b1,SR17A-PC-Q2AB-07:I,SR17A-PC-Q2AB-07:SETI,,
1527,x,SR17C-DI-EBPM-05:SA:X,,SR17C-DI-EBPM-05:CF:ENABLED_S,1
1527,y,SR17C-DI-EBPM-05:SA:Y,,SR17C-DI-EBPM-05:CF:ENABLED_S,1
1529,b0,SR-PC-DIPOL-01:I,SR-PC-DIPOL-01:SETI,,
1532,b2,SR17A-PC-S2A-05:I,SR17A-PC-S2A-05:SETI,,
1532,b0,SR17A-PC-HSTR-06:I,SR17A-PC-HSTR-06:SETI,,
1532,a0,SR17A-PC-VSTR-06:I,SR17A-PC-VSTR-06:SETI,,
1535,b1,SR17A-PC-Q3B-08:I,SR17A-PC-Q3B-08:SETI,,
1537,x,SR17C-DI-EBPM-06:SA:X,,SR17C-DI-EBPM-06:CF:ENABLED_S,1
1537,y,SR17C-DI-EBPM-06:SA:Y,,SR17C-DI-EBPM-06:CF:ENABLED_S,1
1539,b1,SR17A-PC-Q2B-09:I,SR17A-PC-Q2B-09:SETI,,
1542,b2,SR17A-PC-S2C-06:I,SR17A-PC-S2C-06:SETI,,
1542,b0,SR17A-PC-HSTR-07:I,SR17A-PC-HSTR-07:SETI,,
1542,a0,SR17A-PC-VSTR-07:I,SR17A-PC-VSTR-07:SETI,,
1545,b1,SR17A-PC-Q1B-10:I,SR17A-PC-Q1B-10:SETI,,
1547,x,SR17C-DI-EBPM-07:SA:X,,SR17C-DI-EBPM-07:CF:ENABLED_S,1
1547,y,SR17C-DI-EBPM-07:SA:Y,,SR17C-DI-EBPM-07:CF:ENABLED_S,1
1563,x,SR18C-DI-EBPM-01:SA:X,,SR18C-DI-EBPM-01:CF:ENABLED_S,1
1563,y,SR18C-DI-EBPM-01:SA:Y,,SR18C-DI-EBPM-01:CF:ENABLED_S,1
1565,b1,SR18A-PC-Q1B-01:I,SR18A-PC-Q1B-01:SETI,,
1568,b2,SR17A-PC-S1C-07:I,SR17A-PC-S1C-07:SETI,,
1568,b0,SR18A-PC-HSTR-01:I,SR18A-PC-HSTR-01:SETI,,
1568,a0,SR18A-PC-VSTR-01:I,SR18A-PC-VSTR-01:SETI,,
1571,b1,SR18A-PC-Q2B-02:I,SR18A-PC-Q2B-02:SETI,,
1573,b1,SR18A-PC-Q3B-03:I,SR18A-PC-Q3B-03:SETI,,
1576,b2,SR18A-PC-S1B-01:I,SR18A-PC-S1B-01:SETI,,
1576,b0,SR18A-PC-HSTR-02:I,SR18A-PC-HSTR-02:SETI,,
1576,a0,SR18A-PC-VSTR-02:I,SR18A-PC-VSTR-02:SETI,,
1579,x,SR18C-DI-EBPM-02:SA:X,,SR18C-DI-EBPM-02:CF:ENABLED_S,1
1579,y,SR18C-DI-EBPM-02:SA:Y,,SR18C-DI-EBPM-02:CF:ENABLED_S,1
1581,b0,SR-PC-DIPOL-01:I,SR-PC-DIPOL-01:SETI,,
1583,b1,SR18A-PC-Q2AB-04:I,SR18A-PC-Q2AB-04:SETI,,
1585,x,SR18C-DI-EBPM-03:SA:X,,SR18C-DI-EBPM-03:CF:ENABLED_S,1
1585,y,SR18C-DI-EBPM-03:SA:Y,,SR18C-DI-EBPM-03:CF:ENABLED_S,1
1588,b2,SR18A-PC-S2B-02:I,SR18A-PC-S2B-02:SETI,,
1588,b0,SR18A-PC-HSTR-03:I,SR18A-PC-HSTR-03:SETI,,
1588,a0,SR18A-PC-VSTR-03:I,SR18A-PC-VSTR-03:SETI,,
1591,b1,SR18A-PC-Q1AB-05:I,SR18A-PC-Q1AB-05:SETI,,
1593,x,SR18C-DI-EBPM-04:SA:X,,SR18C-DI-EBPM-04:CF:ENABLED_S,1
1593,y,SR18C-DI-EBPM-04:SA:Y,,SR18C-DI-EBPM-04:CF:ENABLED_S,1
1596,b2,SR18A-PC-S2A-03:I,SR18A-PC-S2A-03:SETI,,
1596,b0,SR18A-PC-HSTR-04:I,SR18A-PC-HSTR-04:SETI,,
1596,a0,SR18A-PC-VSTR-04:I,SR18A-PC-VSTR-04:SETI,,
1599,b1,SR18A-PC-Q1AB-06:I,SR18A-PC-Q1AB-06:SETI,,
1602,b2,SR18A-PC-S1A-04:I,SR18A-PC-S1A-04:SETI,,
1602,b0,SR18A-PC-HSTR-05:I,SR18A-PC-HSTR-05:SETI,,
1602,a0,SR18A-PC-VSTR-05:I,SR18A-PC-VSTR-05:SETI,,
1605,b1,SR18A-PC-Q2AB-07:I,SR18A-PC-Q2AB-07:SETI,,
1607,x,SR18C-DI-EBPM-05:SA:X,,SR18C-DI-EBPM-05:CF:ENABLED_S,1
1607,y,SR18C-DI-EBPM-05:SA:Y,,SR18C-DI-EBPM-05:CF:ENABLED_S,1
1610,b0,SR-PC-DIPOL-01:I,SR-PC-DIPOL-01:SETI,,
1613,b2,SR18A-PC-S2A-05:I,SR18A-PC-S2A-05:SETI,,
1613,b0,SR18A-PC-HSTR-06:I,SR18A-PC-HSTR-06:SETI,,
1613,a0,SR18A-PC-VSTR-06:I,SR18A-PC-VSTR-06:SETI,,
1616,b1,SR18A-PC-Q3B-08:I,SR18A-PC-Q3B-08:SETI,,
1618,x,SR18C-DI-EBPM-06:SA:X,,SR18C-DI-EBPM-06:CF:ENABLED_S,1
1618,y,SR18C-DI-EBPM-06:SA:Y,,SR18C-DI-EBPM-06:CF:ENABLED_S,1
1620,b1,SR18A-PC-Q2B-09:I,SR18A-PC-Q2B-09:SETI,,
1623,b2,SR18A-PC-S2B-06:I,SR18A-PC-S2B-06:SETI,,
1623,b0,SR18A-PC-HSTR-07:I,SR18A-PC-HSTR-07:SETI,,
1623,a0,SR18A-PC-VSTR-07:I,SR18A-PC-VSTR-07:SETI,,
1626,b1,SR18A-PC-Q1B-10:I,SR18A-PC-Q1B-10:SETI,,
1628,x,SR18C-DI-EBPM-07:SA:X,,SR18C-DI-EBPM-07:CF:ENABLED_S,1
1628,y,SR18C-DI-EBPM-07:SA:Y,,SR18C-DI-EBPM-07:CF:ENABLED_S,1
1642,x,SR19C-DI-EBPM-01:SA:X,,SR19C-DI-EBPM-01:CF:ENABLED_S,1
1642,y,SR19C-DI-EBPM-01:SA:Y,,SR19C-DI-EBPM-01:CF:ENABLED_S,1
1644,b1,SR19A-PC-Q1B-01:I,SR19A-PC-Q1B-01:SETI,,
1647,b2,SR18A-PC-S1B-07:I,SR18A-PC-S1B-07:SETI,,
1647,b0,SR19A-PC-HSTR-01:I,SR19A-PC-HSTR-01:SETI,,
1647,a0,SR19A-PC-VSTR-01:I,SR19A-PC-VSTR-01:SETI,,
1650,b1,SR19A-PC-Q2B-02:I,SR19A-PC-Q2B-02:SETI,,
1652,b1,SR19A-PC-Q3B-03:I,SR19A-PC-Q3B-03:SETI,,
1655,b2,SR19A-PC-S1B-01:I,SR19A-PC-S1B-01:SETI,,
1655,b0,SR19A-PC-HSTR-02:I,SR19A-PC-HSTR-02:SETI,,
1655,a0,SR19A-PC-VSTR-02:I,SR19A-PC-VSTR-02:SETI,,
1658,x,SR19C-DI-EBPM-02:SA:X,,SR19C-DI-EBPM-02:CF:ENABLED_S,1
1658,y,SR19C-DI-EBPM-02:SA:Y,,SR19C-DI-EBPM-02:CF:ENABLED_S,1
1660,b0,SR-PC-DIPOL-01:I,SR-PC-DIPOL-01:SETI,,
1662,b1,SR19A-PC-Q2AB-04:I,SR19A-PC-Q2AB-04:SETI,,
1664,x,SR19C-DI-EBPM-03:SA:X,,SR19C-DI-EBPM-03:CF:ENABLED_S,1
1664,y,SR19C-DI-EBPM-03:SA:Y,,SR19C-DI-EBPM-03:CF:ENABLED_S,1
1667,b2,SR19A-PC-S2B-02:I,SR19A-PC-S2B-02:SETI,,
1667,b0,SR19A-PC-HSTR-03:I,SR19A-PC-HSTR-03:SETI,,
1667,a0,SR19A-PC-VSTR-03:I,SR19A-PC-VSTR-03:SETI,,
1670,b1,SR19A-PC-Q1AB-05:I,SR19A-PC-Q1AB-05:SETI,,
1672,x,SR19C-DI-EBPM-04:SA:X,,SR19C-DI-EBPM-04:CF:ENABLED_S,1
1672,y,SR19C-DI-EBPM-04:SA:Y,,SR19C-DI-EBPM-04:CF:ENABLED_S,1
1675,b2,SR19A-PC-S2A-03:I,SR19A-PC-S2A-03:SETI,,
1675,b0,SR19A-PC-HSTR-04:I,SR19A-PC-HSTR-04:SETI,,
1675,a0,SR19A-PC-VSTR-04:I,SR19A-PC-VSTR-04:SETI,,
1678,b1,SR19A-PC-Q1AB-06:I,SR19A-PC-Q1AB-06:SETI,,
1681,b2,SR19A-PC-S1A-04:I,SR19A-PC-S1A-04:SETI,,
1681,b0,SR19A-PC-HSTR-05:I,SR19A-PC-HSTR-05:SETI,,
1681,a0,SR19A-PC-VSTR-05:I,SR19A-PC-VSTR-05:SETI,,
1684,b1,SR19A-PC-Q2AB-07:I,SR19A-PC-Q2AB-07:SETI,,
1686,x,SR19C-DI-EBPM-05:SA:X,,SR19C-DI-EBPM-05:CF:ENABLED_S,1
1686,y,SR19C-DI-EBPM-05:SA:Y,,SR19C-DI-EBPM-05:CF:ENABLED_S,1
1688,b0,SR-PC-DIPOL-01:I,SR-PC-DIPOL-01:SETI,,
1691,b2,SR19A-PC-S2A-05:I,SR19A-PC-S2A-05:SETI,,
1691,b0,SR19A-PC-HSTR-06:I,SR19A-PC-HSTR-06:SETI,,
1691,a0,SR19A-PC-VSTR-06:I,SR19A-PC-VSTR-06:SETI,,
1694,b1,SR19A-PC-Q3B-08:I,SR19A-PC-Q3B-08:SETI,,
1696,x,SR19C-DI-EBPM-06:SA:X,,SR19C-DI-EBPM-06:CF:ENABLED_S,1
1696,y,SR19C-DI-EBPM-06:SA:Y,,SR19C-DI-EBPM-06:CF:ENABLED_S,1
1698,b1,SR19A-PC-Q2B-09:I,SR19A-PC-Q2B-09:SETI,,
1701,b2,SR19A-PC-S2B-06:I,SR19A-PC-S2B-06:SETI,,
1701,b0,SR19A-PC-HSTR-07:I,SR19A-PC-HSTR-07:SETI,,
1701,a0,SR19A-PC-VSTR-07:I,SR19A-PC-VSTR-07:SETI,,
1704,b1,SR19A-PC-Q1B-10:I,SR19A-PC-Q1B-10:SETI,,
1706,x,SR19C-DI-EBPM-07:SA:X,,SR19C-DI-EBPM-07:CF:ENABLED_S,1
1706,y,SR19C-DI-EBPM-07:SA:Y,,SR19C-DI-EBPM-07:CF:ENABLED_S,1
1750,x,SR20C-DI-EBPM-01:SA:X,,SR20C-DI-EBPM-01:CF:ENABLED_S,1
1750,y,SR20C-DI-EBPM-01:SA:Y,,SR20C-DI-EBPM-01:CF:ENABLED_S,1
1753,b1,SR20A-PC-Q1B-01:I,SR20A-PC-Q1B-01:SETI,,
1756,b2,SR19A-PC-S1B-07:I,SR19A-PC-S1B-07:SETI,,
1756,b0,SR20A-PC-HSTR-01:I,SR20A-PC-HSTR-01:SETI,,
1756,a0,SR20A-PC-VSTR-01:I,SR20A-PC-VSTR-01:SETI,,
1759,b1,SR20A-PC-Q2B-02:I,SR20A-PC-Q2B-02:SETI,,
1761,b1,SR20A-PC-Q3B-03:I,SR20A-PC-Q3B-03:SETI,,
1764,b2,SR20A-PC-S1C-01:I,SR20A-PC-S1C-01:SETI,,
1764,b0,SR20A-PC-HSTR-02:I,SR20A-PC-HSTR-02:SETI,,
1764,a0,SR20A-PC-VSTR-02:I,SR20A-PC-VSTR-02:SETI,,
1767,x,SR20C-DI-EBPM-02:SA:X,,SR20C-DI-EBPM-02:CF:ENABLED_S,1
1767,y,SR20C-DI-EBPM-02:SA:Y,,SR20C-DI-EBPM-02:CF:ENABLED_S,1
1769,b0,SR-PC-DIPOL-01:I,SR-PC-DIPOL-01:SETI,,
1771,b1,SR20A-PC-Q2AB-04:I,SR20A-PC-Q2AB-04:SETI,,
1773,x,SR20C-DI-EBPM-03:SA:X,,SR20C-DI-EBPM-03:CF:ENABLED_S,1
1773,y,SR20C-DI-EBPM-03:SA:Y,,SR20C-DI-EBPM-03:CF:ENABLED_S,1
1776,b2,SR20A-PC-S2C-02:I,SR20A-PC-S2C-02:SETI,,
1776,b0,SR20A-PC-HSTR-03:I,SR20A-PC-HSTR-03:SETI,,
1776,a0,SR20A-PC-VSTR-03:I,SR20A-PC-VSTR-03:SETI,,
1779,b1,SR20A-PC-Q1AB-05:I,SR20A-PC-Q1AB-05:SETI,,
1781,x,SR20C-DI-EBPM-04:SA:X,,SR20C-DI-EBPM-04:CF:ENABLED_S,1
1781,y,SR20C-DI-EBPM-04:SA:Y,,SR20C-DI-EBPM-04:CF:ENABLED_S,1
1784,b2,SR20A-PC-S2A-03:I,SR20A-PC-S2A-03:SETI,,
1784,b0,SR20A-PC-HSTR-04:I,SR20A-PC-HSTR-04:SETI,,
1784,a0,SR20A-PC-VSTR-04:I,SR20A-PC-VSTR-04:SETI,,
1787,b1,SR20A-PC-Q1AD-06:I,SR20A-PC-Q1AD-06:SETI,,
1790,b2,SR20A-PC-S1A-04:I,SR20A-PC-S1A-04:SETI,,
1790,b0,SR20A-PC-HSTR-05:I,SR20A-PC-HSTR-05:SETI,,
1790,a0,SR20A-PC-VSTR-05:I,SR20A-PC-VSTR-05:SETI,,
1793,b1,SR20A-PC-Q2AD-07:I,SR20A-PC-Q2AD-07:SETI,,
1795,x,SR20C-DI-EBPM-05:SA:X,,SR20C-DI-EBPM-05:CF:ENABLED_S,1
1795,y,SR20C-DI-EBPM-05:SA:Y,,SR20C-DI-EBPM-05:CF:ENABLED_S,1
1797,b0,SR-PC-DIPOL-01:I,SR-PC-DIPOL-01:SETI,,
1800,b2,SR20A-PC-S2A-05:I,SR20A-PC-S2A-05:SETI,,
1800,b0,SR20A-PC-HSTR-06:I,SR20A-PC-HSTR-06:SETI,,
1800,a0,SR20A-PC-VSTR-06:I,SR20A-PC-VSTR-06:SETI,,
1803,b1,SR20A-PC-Q3D-08:I,SR20A-PC-Q3D-08:SETI,,
1805,x,SR20C-DI-EBPM-06:SA:X,,SR20C-DI-EBPM-06:CF:ENABLED_S,1
1805,y,SR20C-DI-EBPM-06:SA:Y,,SR20C-DI-EBPM-06:CF:ENABLED_S,1
1807,b1,SR20A-PC-Q2D-09:I,SR20A-PC-Q2D-09:SETI,,
1810,b2,SR20A-PC-S2D-06:I,SR20A-PC-S2D-06:SETI,,
1810,b0,SR20A-PC-HSTR-07:I,SR20A-PC-HSTR-07:SETI,,
1810,a0,SR20A-PC-VSTR-07:I,SR20A-PC-VSTR-07:SETI,,
1813,b1,SR20A-PC-Q1D-10:I,SR20A-PC-Q1D-10:SETI,,
1815,x,SR20C-DI-EBPM-07:SA:X,,SR20C-DI-EBPM-07:CF:ENABLED_S,1
1815,y,SR20C-DI-EBPM-07:SA:Y,,SR20C-DI-EBPM-07:CF:ENABLED_S,1
1829,x,SR21C-DI-EBPM-01:SA:X,,SR21C-DI-EBPM-01:CF:ENABLED_S,1
1829,y,SR21C-DI-EBPM-01:SA:Y,,SR21C-DI-EBPM-01:CF:ENABLED_S,1
1831,b1,SR21A-PC-Q1D-01:I,SR21A-PC-Q1D-01:SETI,,
1834,b2,SR20A-PC-S1D-07:I,SR20A-PC-S1D-07:SETI,,
1834,b0,SR21A-PC-HSTR-01:I,SR21A-PC-HSTR-01:SETI,,
1834,a0,SR21A-PC-VSTR-01:I,SR21A-PC-VSTR-01:SETI,,
1837,b1,SR21A-PC-Q2D-02:I,SR21A-PC-Q2D-02:SETI,,
1839,b1,SR21A-PC-Q3D-03:I,SR21A-PC-Q3D-03:SETI,,
1842,b2,SR21A-PC-S1D-01:I,SR21A-PC-S1D-01:SETI,,
1842,b0,SR21A-PC-HSTR-02:I,SR21A-PC-HSTR-02:SETI,,
1842,a0,SR21A-PC-VSTR-02:I,SR21A-PC-VSTR-02:SETI,,
1845,x,SR21C-DI-EBPM-02:SA:X,,SR21C-DI-EBPM-02:CF:ENABLED_S,1
1845,y,SR21C-DI-EBPM-02:SA:Y,,SR21C-DI-EBPM-02:CF:ENABLED_S,1
1847,b0,SR-PC-DIPOL-01:I,SR-PC-DIPOL-01:SETI,,
1849,b1,SR21A-PC-Q2AD-04:I,SR21A-PC-Q2AD-04:SETI,,
1851,x,SR21C-DI-EBPM-03:SA:X,,SR21C-DI-EBPM-03:CF:ENABLED_S,1
1851,y,SR21C-DI-EBPM-03:SA:Y,,SR21C-DI-EBPM-03:CF:ENABLED_S,1
1854,b2,SR21A-PC-S2D-02:I,SR21A-PC-S2D-02:SETI,,
1854,b0,SR21A-PC-HSTR-03:I,SR21A-PC-HSTR-03:SETI,,
1854,a0,SR21A-PC-VSTR-03:I,SR21A-PC-VSTR-03:SETI,,
1857,b1,SR21A-PC-Q1AD-05:I,SR21A-PC-Q1AD-05:SETI,,
1859,x,SR21C-DI-EBPM-04:SA:X,,SR21C-DI-EBPM-04:CF:ENABLED_S,1
1859,y,SR21C-DI-EBPM-04:SA:Y,,SR21C-DI-EBPM-04:CF:ENABLED_S,1
1862,b2,SR21A-PC-S2A-03:I,SR21A-PC-S2A-03:SETI,,
1862,b0,SR21A-PC-HSTR-04:I,SR21A-PC-HSTR-04:SETI,,
1862,a0,SR21A-PC-VSTR-04:I,SR21A-PC-VSTR-04:SETI,,
1865,b1,SR21A-PC-Q1AB-06:I,SR21A-PC-Q1AB-06:SETI,,
1868,b2,SR21A-PC-S1A-04:I,SR21A-PC-S1A-04:SETI,,
1868,b0,SR21A-PC-HSTR-05:I,SR21A-PC-HSTR-05:SETI,,
1868,a0,SR21A-PC-VSTR-05:I,SR21A-PC-VSTR-05:SETI,,
1871,b1,SR21A-PC-Q2AB-07:I,SR21A-PC-Q2AB-07:SETI,,
1873,x,SR21C-DI-EBPM-05:SA:X,,SR21C-DI-EBPM-05:CF:ENABLED_S,1
1873,y,SR21C-DI-EBPM-05:SA:Y,,SR21C-DI-EBPM-05:CF:ENABLED_S,1
1876,b0,SR-PC-DIPOL-01:I,SR-PC-DIPOL-01:SETI,,
1879,b2,SR21A-PC-S2A-05:I,SR21A-PC-S2A-05:SETI,,
1879,b0,SR21A-PC-HSTR-06:I,SR21A-PC-HSTR-06:SETI,,
1879,a0,SR21A-PC-VSTR-06:I,SR21A-PC-VSTR-06:SETI,,
1882,b1,SR21A-PC-Q3B-08:I,SR21A-PC-Q3B-08:SETI,,
1884,x,SR21C-DI-EBPM-06:SA:X,,SR21C-DI-EBPM-06:CF:ENABLED_S,1
1884,y,SR21C-DI-EBPM-06:SA:Y,,SR21C-DI-EBPM-06:CF:ENABLED_S,1
1886,b1,SR21A-PC-Q2B-09:I,SR21A-PC-Q2B-09:SETI,,
1889,b2,SR21A-PC-S2C-06:I,SR21A-PC-S2C-06:SETI,,
1889,b0,SR21A-PC-HSTR-07:I,SR21A-PC-HSTR-07:SETI,,
1889,a0,SR21A-PC-VSTR-07:I,SR21A-PC-VSTR-07:SETI,,
1892,b1,SR21A-PC-Q1B-10:I,SR21A-PC-Q1B-10:SETI,,
1894,x,SR21C-DI-EBPM-07:SA:X,,SR21C-DI-EBPM-07:CF:ENABLED_S,1
1894,y,SR21C-DI-EBPM-07:SA:Y,,SR21C-DI-EBPM-07:CF:ENABLED_S,1
1908,x,SR22C-DI-EBPM-01:SA:X,,SR22C-DI-EBPM-01:CF:ENABLED_S,1
1908,y,SR22C-DI-EBPM-01:SA:Y,,SR22C-DI-EBPM-01:CF:ENABLED_S,1
1910,b1,SR22A-PC-Q1B-01:I,SR22A-PC-Q1B-01:SETI,,
1913,b2,SR21A-PC-S1C-07:I,SR21A-PC-S1C-07:SETI,,
1913,b0,SR22A-PC-HSTR-01:I,SR22A-PC-HSTR-01:SETI,,
1913,a0,SR22A-PC-VSTR-01:I,SR22A-PC-VSTR-01:SETI,,
1916,b1,SR22A-PC-Q2B-02:I,SR22A-PC-Q2B-02:SETI,,
1918,b1,SR22A-PC-Q3B-03:I,SR22A-PC-Q3B-03:SETI,,
1921,b2,SR22A-PC-S1B-01:I,SR22A-PC-S1B-01:SETI,,
1921,b0,SR22A-PC-HSTR-02:I,SR22A-PC-HSTR-02:SETI,,
1921,a0,SR22A-PC-VSTR-02:I,SR22A-PC-VSTR-02:SETI,,
1924,x,SR22C-DI-EBPM-02:SA:X,,SR22C-DI-EBPM-02:CF:ENABLED_S,1
1924,y,SR22C-DI-EBPM-02:SA:Y,,SR22C-DI-EBPM-02:CF:ENABLED_S,1
1926,b0,SR-PC-DIPOL-01:I,SR-PC-DIPOL-01:SETI,,
1928,b1,SR22A-PC-Q2AB-04:I,SR22A-PC-Q2AB-04:SETI,,
1930,x,SR22C-DI-EBPM-03:SA:X,,SR22C-DI-EBPM-03:CF:ENABLED_S,1
1930,y,SR22C-DI-EBPM-03:SA:Y,,SR22C-DI-EBPM-03:CF:ENABLED_S,1
1933,b2,SR22A-PC-S2B-02:I,SR22A-PC-S2B-02:SETI,,
1933,b0,SR22A-PC-HSTR-03:I,SR22A-PC-HSTR-03:SETI,,
1933,a0,SR22A-PC-VSTR-03:I,SR22A-PC-VSTR-03:SETI,,
1936,b1,SR22A-PC-Q1AB-05:I,SR22A-PC-Q1AB-05:SETI,,
1938,x,SR22C-DI-EBPM-04:SA:X,,SR22C-DI-EBPM-04:CF:ENABLED_S,1
1938,y,SR22C-DI-EBPM-04:SA:Y,,SR22C-DI-EBPM-04:CF:ENABLED_S,1
1941,b2,SR22A-PC-S2A-03:I,SR22A-PC-S2A-03:SETI,,
1941,b0,SR22A-PC-HSTR-04:I,SR22A-PC-HSTR-04:SETI,,
1941,a0,SR22A-PC-VSTR-04:I,SR22A-PC-VSTR-04:SETI,,
1944,b1,SR22A-PC-Q1AB-06:I,SR22A-PC-Q1AB-06:SETI,,
1947,b2,SR22A-PC-S1A-04:I,SR22A-PC-S1A-04:SETI,,
1947,b0,SR22A-PC-HSTR-05:I,SR22A-PC-HSTR-05:SETI,,
1947,a0,SR22A-PC-VSTR-05:I,SR22A-PC-VSTR-05:SETI,,
1950,b1,SR22A-PC-Q2AB-07:I,SR22A-PC-Q2AB-07:SETI,,
1952,x,SR22C-DI-EBPM-05:SA:X,,SR22C-DI-EBPM-05:CF:ENABLED_S,1
1952,y,SR22C-DI-EBPM-05:SA:Y,,SR22C-DI-EBPM-05:CF:ENABLED_S,1
1955,b0,SR-PC-DIPOL-01:I,SR-PC-DIPOL-01:SETI,,
1958,b2,SR22A-PC-S2A-05:I,SR22A-PC-S2A-05:SETI,,
1958,b0,SR22A-PC-HSTR-06:I,SR22A-PC-HSTR-06:SETI,,
1958,a0,SR22A-PC-VSTR-06:I,SR22A-PC-VSTR-06:SETI,,
1961,b1,SR22A-PC-Q3B-08:I,SR22A-PC-Q3B-08:SETI,,
1963,x,SR22C-DI-EBPM-06:SA:X,,SR22C-DI-EBPM-06:CF:ENABLED_S,1
1963,y,SR22C-DI-EBPM-06:SA:Y,,SR22C-DI-EBPM-06:CF:ENABLED_S,1
1965,b1,SR22A-PC-Q2B-09:I,SR22A-PC-Q2B-09:SETI,,
1968,b2,SR22A-PC-S2B-06:I,SR22A-PC-S2B-06:SETI,,
1968,b0,SR22A-PC-HSTR-07:I,SR22A-PC-HSTR-07:SETI,,
1968,a0,SR22A-PC-VSTR-07:I,SR22A-PC-VSTR-07:SETI,,
1971,b1,SR22A-PC-Q1B-10:I,SR22A-PC-Q1B-10:SETI,,
1973,x,SR22C-DI-EBPM-07:SA:X,,SR22C-DI-EBPM-07:CF:ENABLED_S,1
1973,y,SR22C-DI-EBPM-07:SA:Y,,SR22C-DI-EBPM-07:CF:ENABLED_S,1
1987,x,SR23C-DI-EBPM-01:SA:X,,SR23C-DI-EBPM-01:CF:ENABLED_S,1
1987,y,SR23C-DI-EBPM-01:SA:Y,,SR23C-DI-EBPM-01:CF:ENABLED_S,1
1989,b1,SR23A-PC-Q1B-01:I,SR23A-PC-Q1B-01:SETI,,
1992,b2,SR22A-PC-S1B-07:I,SR22A-PC-S1B-07:SETI,,
1992,b0,SR23A-PC-HSTR-01:I,SR23A-PC-HSTR-01:SETI,,
1992,a0,SR23A-PC-VSTR-01:I,SR23A-PC-VSTR-01:SETI,,
1995,b1,SR23A-PC-Q2B-02:I,SR23A-PC-Q2B-02:SETI,,
1997,b1,SR23A-PC-Q3B-03:I,SR23A-PC-Q3B-03:SETI,,
2000,b2,SR23A-PC-S1B-01:I,SR23A-PC-S1B-01:SETI,,
2000,b0,SR23A-PC-HSTR-02:I,SR23A-PC-HSTR-02:SETI,,
2000,a0,SR23A-PC-VSTR-02:I,SR23A-PC-VSTR-02:SETI,,
2003,x,SR23C-DI-EBPM-02:SA:X,,SR23C-DI-EBPM-02:CF:ENABLED_S,1
2003,y,SR23C-DI-EBPM-02:SA:Y,,SR23C-DI-EBPM-02:CF:ENABLED_S,1
2005,b0,SR-PC-DIPOL-01:I,SR-PC-DIPOL-01:SETI,,
2007,b1,SR23A-PC-Q2AB-04:I,SR23A-PC-Q2AB-04:SETI,,
2009,x,SR23C-DI-EBPM-03:SA:X,,SR23C-DI-EBPM-03:CF:ENABLED_S,1
2009,y,SR23C-DI-EBPM-03:SA:Y,,SR23C-DI-EBPM-03:CF:ENABLED_S,1
2012,b2,SR23A-PC-S2B-02:I,SR23A-PC-S2B-02:SETI,,
2012,b0,SR23A-PC-HSTR-03:I,SR23A-PC-HSTR-03:SETI,,
2012,a0,SR23A-PC-VSTR-03:I,SR23A-PC-VSTR-03:SETI,,
2015,b1,SR23A-PC-Q1AB-05:I,SR23A-PC-Q1AB-05:SETI,,
2017,x,SR23C-DI-EBPM-04:SA:X,,SR23C-DI-EBPM-04:CF:ENABLED_S,1
2017,y,SR23C-DI-EBPM-04:SA:Y,,SR23C-DI-EBPM-04:CF:ENABLED_S,1
2020,b2,SR23A-PC-S2A-03:I,SR23A-PC-S2A-03:SETI,,
2020,b0,SR23A-PC-HSTR-04:I,SR23A-PC-HSTR-04:SETI,,
2020,a0,SR23A-PC-VSTR-04:I,SR23A-PC-VSTR-04:SETI,,
2023,b1,SR23A-PC-Q1AB-06:I,SR23A-PC-Q1AB-06:SETI,,
2026,b2,SR23A-PC-S1A-04:I,SR23A-PC-S1A-04:SETI,,
2026,b0,SR23A-PC-HSTR-05:I,SR23A-PC-HSTR-05:SETI,,
2026,a0,SR23A-PC-VSTR-05:I,SR23A-PC-VSTR-05:SETI,,
2029,b1,SR23A-PC-Q2AB-07:I,SR23A-PC-Q2AB-07:SETI,,
2031,x,SR23C-DI-EBPM-05:SA:X,,SR23C-DI-EBPM-05:CF:ENABLED_S,1
2031,y,SR23C-DI-EBPM-05:SA:Y,,SR23C-DI-EBPM-05:CF:ENABLED_S,1
2034,b0,SR-PC-DIPOL-01:I,SR-PC-DIPOL-01:SETI,,
2037,b2,SR23A-PC-S2A-05:I,SR23A-PC-S2A-05:SETI,,
2037,b0,SR23A-PC-HSTR-06:I,SR23A-PC-HSTR-06:SETI,,
2037,a0,SR23A-PC-VSTR-06:I,SR23A-PC-VSTR-06:SETI,,
2040,b1,SR23A-PC-Q3B-08:I,SR23A-PC-Q3B-08:SETI,,
2042,x,SR23C-DI-EBPM-06:SA:X,,SR23C-DI-EBPM-06:CF:ENABLED_S,1
2042,y,SR23C-DI-EBPM-06:SA:Y,,SR23C-DI-EBPM-06:CF:ENABLED_S,1
2044,b1,SR23A-PC-Q2B-09:I,SR23A-PC-Q2B-09:SETI,,
2047,b2,SR23A-PC-S2B-06:I,SR23A-PC-S2B-06:SETI,,
2047,b0,SR23A-PC-HSTR-07:I,SR23A-PC-HSTR-07:SETI,,
2047,a0,SR23A-PC-VSTR-07:I,SR23A-PC-VSTR-07:SETI,,
2050,b1,SR23A-PC-Q1B-10:I,SR23A-PC-Q1B-10:SETI,,
2052,x,SR23C-DI-EBPM-07:SA:X,,SR23C-DI-EBPM-07:CF:ENABLED_S,1
2052,y,SR23C-DI-EBPM-07:SA:Y,,SR23C-DI-EBPM-07:CF:ENABLED_S,1
2066,x,SR24C-DI-EBPM-01:SA:X,,SR24C-DI-EBPM-01:CF:ENABLED_S,1
2066,y,SR24C-DI-EBPM-01:SA:Y,,SR24C-DI-EBPM-01:CF:ENABLED_S,1
2068,b1,SR24A-PC-Q1B-01:I,SR24A-PC-Q1B-01:SETI,,
2071,b2,SR23A-PC-S1B-07:I,SR23A-PC-S1B-07:SETI,,
2071,b0,SR24A-PC-HSTR-01:I,SR24A-PC-HSTR-01:SETI,,
2071,a0,SR24A-PC-VSTR-01:I,SR24A-PC-VSTR-01:SETI,,
2074,b1,SR24A-PC-Q2B-02:I,SR24A-PC-Q2B-02:SETI,,
2076,b1,SR24A-PC-Q3B-03:I,SR24A-PC-Q3B-03:SETI,,
2079,b2,SR24A-PC-S1C-01:I,SR24A-PC-S1C-01:SETI,,
2079,b0,SR24A-PC-HSTR-02:I,SR24A-PC-HSTR-02:SETI,,
2079,a0,SR24A-PC-VSTR-02:I,SR24A-PC-VSTR-02:SETI,,
2082,x,SR24C-DI-EBPM-02:SA:X,,SR24C-DI-EBPM-02:CF:ENABLED_S,1
2082,y,SR24C-DI-EBPM-02:SA:Y,,SR24C-DI-EBPM-02:CF:ENABLED_S,1
2084,b0,SR-PC-DIPOL-01:I,SR-PC-DIPOL-01:SETI,,
2086,b1,SR24A-PC-Q2AB-04:I,SR24A-PC-Q2AB-04:SETI,,
2088,x,SR24C-DI-EBPM-03:SA:X,,SR24C-DI-EBPM-03:CF:ENABLED_S,1
2088,y,SR24C-DI-EBPM-03:SA:Y,,SR24C-DI-EBPM-03:CF:ENABLED_S,1
2091,b2,SR24A-PC-S2C-02:I,SR24A-PC-S2C-02:SETI,,
2091,b0,SR24A-PC-HSTR-03:I,SR24A-PC-HSTR-03:SETI,,
2091,a0,SR24A-PC-VSTR-03:I,SR24A-PC-VSTR-03:SETI,,
2094,b1,SR24A-PC-Q1AB-05:I,SR24A-PC-Q1AB-05:SETI,,
2096,x,SR24C-DI-EBPM-04:SA:X,,SR24C-DI-EBPM-04:CF:ENABLED_S,1
2096,y,SR24C-DI-EBPM-04:SA:Y,,SR24C-DI-EBPM-04:CF:ENABLED_S,1
2099,b2,SR24A-PC-S2A-03:I,SR24A-PC-S2A-03:SETI,,
2099,b0,SR24A-PC-HSTR-04:I,SR24A-PC-HSTR-04:SETI,,
2099,a0,SR24A-PC-VSTR-04:I,SR24A-PC-VSTR-04:SETI,,
2102,b1,SR24A-PC-Q1AD-06:I,SR24A-PC-Q1AD-06:SETI,,
2105,b2,SR24A-PC-S1A-04:I,SR24A-PC-S1A-04:SETI,,
2105,b0,SR24A-PC-HSTR-05:I,SR24A-PC-HSTR-05:SETI,,
2105,a0,SR24A-PC-VSTR-05:I,SR24A-PC-VSTR-05:SETI,,
2108,b1,SR24A-PC-Q2AD-07:I,SR24A-PC-Q2AD-07:SETI,,
2110,x,SR24C-DI-EBPM-05:SA:X,,SR24C-DI-EBPM-05:CF:ENABLED_S,1
2110,y,SR24C-DI-EBPM-05:SA:Y,,SR24C-DI-EBPM-05:CF:ENABLED_S,1
2113,b0,SR-PC-DIPOL-01:I,SR-PC-DIPOL-01:SETI,,
2116,b2,SR24A-PC-S2A-05:I,SR24A-PC-S2A-05:SETI,,
2116,b0,SR24A-PC-HSTR-06:I,SR24A-PC-HSTR-06:SETI,,
2116,a0,SR24A-PC-VSTR-06:I,SR24A-PC-VSTR-06:SETI,,
2119,b1,SR24A-PC-Q3D-08:I,SR24A-PC-Q3D-08:SETI,,
2121,x,SR24C-DI-EBPM-06:SA:X,,SR24C-DI-EBPM-06:CF:ENABLED_S,1
2121,y,SR24C-DI-EBPM-06:SA:Y,,SR24C-DI-EBPM-06:CF:ENABLED_S,1
2123,b1,SR24A-PC-Q2D-09:I,SR24A-PC-Q2D-09:SETI,,
2126,b2,SR24A-PC-S2D-06:I,SR24A-PC-S2D-06:SETI,,
2126,b0,SR24A-PC-HSTR-07:I,SR24A-PC-HSTR-07:SETI,,
2126,a0,SR24A-PC-VSTR-07:I,SR24A-PC-VSTR-07:SETI,,
2129,b1,SR24A-PC-Q1D-10:I,SR24A-PC-Q1D-10:SETI,,
2131,x,SR24C-DI-EBPM-07:SA:X,,SR24C-DI-EBPM-07:CF:ENABLED_S,1
2131,y,SR24C-DI-EBPM-07:SA:Y,,SR24C-DI-EBPM-07:CF:ENABLED_S,1
8,a1,SR01A-PC-SQUAD-01:SETI,SR01A-PC-SQUAD-01:I,,
28,a1,SR01A-PC-SQUAD-02:SETI,SR01A-PC-SQUAD-02:I,,
42,a1,SR01A-PC-SQUAD-03:SETI,SR01A-PC-SQUAD-03:I,,
62,a1,SR01A-PC-SQUAD-04:SETI,SR01A-PC-SQUAD-04:I,,
101,a1,SR02A-PC-SQUAD-01:SETI,SR02A-PC-SQUAD-01:I,,
126,a1,SR02A-PC-SQUAD-02:SETI,SR02A-PC-SQUAD-02:I,,
130,a1,SR02A-PC-SQUAD-03:SETI,SR02A-PC-SQUAD-03:I,,
175,a1,SR02A-PC-SQUAD-04:SETI,SR02A-PC-SQUAD-04:I,,
179,a1,SR02A-PC-SQUAD-05:SETI,SR02A-PC-SQUAD-05:I,,
198,a1,SR02A-PC-SQUAD-06:SETI,SR02A-PC-SQUAD-06:I,,
241,a1,SR03A-PC-SQUAD-01:SETI,SR03A-PC-SQUAD-01:I,,
261,a1,SR03A-PC-SQUAD-02:SETI,SR03A-PC-SQUAD-02:I,,
275,a1,SR03A-PC-SQUAD-03:SETI,SR03A-PC-SQUAD-03:I,,
295,a1,SR03A-PC-SQUAD-04:SETI,SR03A-PC-SQUAD-04:I,,
343,a1,SR04A-PC-SQUAD-01:SETI,SR04A-PC-SQUAD-01:I,,
363,a1,SR04A-PC-SQUAD-02:SETI,SR04A-PC-SQUAD-02:I,,
377,a1,SR04A-PC-SQUAD-03:SETI,SR04A-PC-SQUAD-03:I,,
397,a1,SR04A-PC-SQUAD-04:SETI,SR04A-PC-SQUAD-04:I,,
424,a1,SR05A-PC-SQUAD-01:SETI,SR05A-PC-SQUAD-01:I,,
452,a1,SR05A-PC-SQUAD-02:SETI,SR05A-PC-SQUAD-02:I,,
468,a1,SR05A-PC-SQUAD-03:SETI,SR05A-PC-SQUAD-03:I,,
478,a1,SR05A-PC-SQUAD-04:SETI,SR05A-PC-SQUAD-04:I,,
523,a1,SR06A-PC-SQUAD-01:SETI,SR06A-PC-SQUAD-01:I,,
543,a1,SR06A-PC-SQUAD-02:SETI,SR06A-PC-SQUAD-02:I,,
559,a1,SR06A-PC-SQUAD-03:SETI,SR06A-PC-SQUAD-03:I,,
569,a1,SR06A-PC-SQUAD-04:SETI,SR06A-PC-SQUAD-04:I,,
615,a1,SR07A-PC-SQUAD-01:SETI,SR07A-PC-SQUAD-01:I,,
635,a1,SR07A-PC-SQUAD-02:SETI,SR07A-PC-SQUAD-02:I,,
652,a1,SR07A-PC-SQUAD-03:SETI,SR07A-PC-SQUAD-03:I,,
662,a1,SR07A-PC-SQUAD-04:SETI,SR07A-PC-SQUAD-04:I,,
694,a1,SR08A-PC-SQUAD-01:SETI,SR08A-PC-SQUAD-01:I,,
714,a1,SR08A-PC-SQUAD-02:SETI,SR08A-PC-SQUAD-02:I,,
730,a1,SR08A-PC-SQUAD-03:SETI,SR08A-PC-SQUAD-03:I,,
740,a1,SR08A-PC-SQUAD-04:SETI,SR08A-PC-SQUAD-04:I,,
806,a1,SR09A-PC-SQUAD-01:SETI,SR09A-PC-SQUAD-01:I,,
826,a1,SR09A-PC-SQUAD-02:SETI,SR09A-PC-SQUAD-02:I,,
842,a1,SR09A-PC-SQUAD-03:SETI,SR09A-PC-SQUAD-03:I,,
852,a1,SR09A-PC-SQUAD-04:SETI,SR09A-PC-SQUAD-04:I,,
920,a1,SR10A-PC-SQUAD-01:SETI,SR10A-PC-SQUAD-01:I,,
940,a1,SR10A-PC-SQUAD-02:SETI,SR10A-PC-SQUAD-02:I,,
956,a1,SR10A-PC-SQUAD-03:SETI,SR10A-PC-SQUAD-03:I,,
966,a1,SR10A-PC-SQUAD-04:SETI,SR10A-PC-SQUAD-04:I,,
998,a1,SR11A-PC-SQUAD-01:SETI,SR11A-PC-SQUAD-01:I,,
1018,a1,SR11A-PC-SQUAD-02:SETI,SR11A-PC-SQUAD-02:I,,
1046,a1,SR11A-PC-SQUAD-03:SETI,SR11A-PC-SQUAD-03:I,,
1070,a1,SR12A-PC-SQUAD-01:SETI,SR12A-PC-SQUAD-01:I,,
1090,a1,SR12A-PC-SQUAD-02:SETI,SR12A-PC-SQUAD-02:I,,
1104,a1,SR12A-PC-SQUAD-03:SETI,SR12A-PC-SQUAD-03:I,,
1124,a1,SR12A-PC-SQUAD-04:SETI,SR12A-PC-SQUAD-04:I,,
1182,a1,SR13A-PC-SQUAD-01:SETI,SR13A-PC-SQUAD-01:I,,
1202,a1,SR13A-PC-SQUAD-02:SETI,SR13A-PC-SQUAD-02:I,,
1216,a1,SR13A-PC-SQUAD-03:SETI,SR13A-PC-SQUAD-03:I,,
1236,a1,SR13A-PC-SQUAD-04:SETI,SR13A-PC-SQUAD-04:I,,
1260,a1,SR14A-PC-SQUAD-01:SETI,SR14A-PC-SQUAD-01:I,,
1280,a1,SR14A-PC-SQUAD-02:SETI,SR14A-PC-SQUAD-02:I,,
1294,a1,SR14A-PC-SQUAD-03:SETI,SR14A-PC-SQUAD-03:I,,
1314,a1,SR14A-PC-SQUAD-04:SETI,SR14A-PC-SQUAD-04:I,,
1338,a1,SR15A-PC-SQUAD-01:SETI,SR15A-PC-SQUAD-01:I,,
1358,a1,SR15A-PC-SQUAD-02:SETI,SR15A-PC-SQUAD-02:I,,
1372,a1,SR15A-PC-SQUAD-03:SETI,SR15A-PC-SQUAD-03:I,,
1392,a1,SR15A-PC-SQUAD-04:SETI,SR15A-PC-SQUAD-04:I,,
1418,a1,SR16A-PC-SQUAD-01:SETI,SR16A-PC-SQUAD-01:I,,
1438,a1,SR16A-PC-SQUAD-02:SETI,SR16A-PC-SQUAD-02:I,,
1452,a1,SR16A-PC-SQUAD-03:SETI,SR16A-PC-SQUAD-03:I,,
1473,a1,SR16A-PC-SQUAD-04:SETI,SR16A-PC-SQUAD-04:I,,
1488,a1,SR17A-PC-SQUAD-01:SETI,SR17A-PC-SQUAD-01:I,,
1508,a1,SR17A-PC-SQUAD-02:SETI,SR17A-PC-SQUAD-02:I,,
1522,a1,SR17A-PC-SQUAD-03:SETI,SR17A-PC-SQUAD-03:I,,
1542,a1,SR17A-PC-SQUAD-04:SETI,SR17A-PC-SQUAD-04:I,,
1568,a1,SR18A-PC-SQUAD-01:SETI,SR18A-PC-SQUAD-01:I,,
1588,a1,SR18A-PC-SQUAD-02:SETI,SR18A-PC-SQUAD-02:I,,
1602,a1,SR18A-PC-SQUAD-03:SETI,SR18A-PC-SQUAD-03:I,,
1623,a1,SR18A-PC-SQUAD-04:SETI,SR18A-PC-SQUAD-04:I,,
1647,a1,SR19A-PC-SQUAD-01:SETI,SR19A-PC-SQUAD-01:I,,
1667,a1,SR19A-PC-SQUAD-02:SETI,SR19A-PC-SQUAD-02:I,,
1681,a1,SR19A-PC-SQUAD-03:SETI,SR19A-PC-SQUAD-03:I,,
1701,a1,SR19A-PC-SQUAD-04:SETI,SR19A-PC-SQUAD-04:I,,
1756,a1,SR20A-PC-SQUAD-01:SETI,SR20A-PC-SQUAD-01:I,,
1776,a1,SR20A-PC-SQUAD-02:SETI,SR20A-PC-SQUAD-02:I,,
1790,a1,SR20A-PC-SQUAD-03:SETI,SR20A-PC-SQUAD-03:I,,
1810,a1,SR20A-PC-SQUAD-04:SETI,SR20A-PC-SQUAD-04:I,,
1834,a1,SR21A-PC-SQUAD-01:SETI,SR21A-PC-SQUAD-01:I,,
1854,a1,SR21A-PC-SQUAD-02:SETI,SR21A-PC-SQUAD-02:I,,
1868,a1,SR21A-PC-SQUAD-03:SETI,SR21A-PC-SQUAD-03:I,,
1889,a1,SR21A-PC-SQUAD-04:SETI,SR21A-PC-SQUAD-04:I,,
1913,a1,SR22A-PC-SQUAD-01:SETI,SR22A-PC-SQUAD-01:I,,
1933,a1,SR22A-PC-SQUAD-02:SETI,SR22A-PC-SQUAD-02:I,,
1947,a1,SR22A-PC-SQUAD-03:SETI,SR22A-PC-SQUAD-03:I,,
1968,a1,SR22A-PC-SQUAD-04:SETI,SR22A-PC-SQUAD-04:I,,
1992,a1,SR23A-PC-SQUAD-01:SETI,SR23A-PC-SQUAD-01:I,,
2012,a1,SR23A-PC-SQUAD-02:SETI,SR23A-PC-SQUAD-02:I,,
2026,a1,SR23A-PC-SQUAD-03:SETI,SR23A-PC-SQUAD-03:I,,
2047,a1,SR23A-PC-SQUAD-04:SETI,SR23A-PC-SQUAD-04:I,,
2071,a1,SR24A-PC-SQUAD-01:SETI,SR24A-PC-SQUAD-01:I,,
2091,a1,SR24A-PC-SQUAD-02:SETI,SR24A-PC-SQUAD-02:I,,
2105,a1,SR24A-PC-SQUAD-03:SETI,SR24A-PC-SQUAD-03:I,,
2126,a1,SR24A-PC-SQUAD-04:SETI,SR24A-PC-SQUAD-04:I,,
111,db0,SR02A-PC-DTRIM-01:SETI,SR02A-PC-DTRIM-01:I,,
185,db0,SR02A-PC-DTRIM-04:SETI,SR02A-PC-DTRIM-04:I,,
136,db0,SR02A-PC-DTRIM-02:SETI,SR02A-PC-DTRIM-02:I,,
160,db0,SR02A-PC-DTRIM-03:SETI,SR02A-PC-DTRIM-03:I,,
2133,I,SR-DI-DCCT-01:SIGNAL,,,
