id,name,field,get_pv,set_pv,enable_pv,enable_value
3,SR01C-DI-EBPM-01,x,1:SA:X,,SR01C-DI-EBPM-01:CF:ENABLED_S,1
3,SR01C-DI-EBPM-01,y,1:SA:Y,,SR01C-DI-EBPM-01:CF:ENABLED_S,1
5,SR01A-PC-Q1D-01,b1,1:I,1:SETI,,
8,SR01A-PC-S1D-01,b2,1:I,1:SETI,,
8,SR01A-PC-HSTR-01,b0,1:I,1:SETI,,
8,SR01A-PC-VSTR-01,a0,1:I,1:SETI,,
11,SR01A-PC-Q2D-02,b1,2:I,2:SETI,,
13,SR01A-PC-Q3D-03,b1,3:I,3:SETI,,
16,SR01A-PC-S2D-02,b2,2:I,2:SETI,,
16,SR01A-PC-HSTR-02,b0,2:I,2:SETI,,
16,SR01A-PC-VSTR-02,a0,2:I,2:SETI,,
19,SR01C-DI-EBPM-02,x,2:SA:X,,SR01C-DI-EBPM-02:CF:ENABLED_S,1
19,SR01C-DI-EBPM-02,y,2:SA:Y,,SR01C-DI-EBPM-02:CF:ENABLED_S,1
21,SR-PC-DIPOL-01,b0,1:I,1:SETI,,
23,SR01A-PC-Q2AD-04,b1,4:I,4:SETI,,
25,SR01C-DI-EBPM-03,x,3:SA:X,,SR01C-DI-EBPM-03:CF:ENABLED_S,1
25,SR01C-DI-EBPM-03,y,3:SA:Y,,SR01C-DI-EBPM-03:CF:ENABLED_S,1
28,SR01A-PC-S2A-03,b2,3:I,3:SETI,,
28,SR01A-PC-HSTR-03,b0,3:I,3:SETI,,
28,SR01A-PC-VSTR-03,a0,3:I,3:SETI,,
31,SR01A-PC-Q1AD-05,b1,5:I,5:SETI,,
33,SR01C-DI-EBPM-04,x,4:SA:X,,SR01C-DI-EBPM-04:CF:ENABLED_S,1
33,SR01C-DI-EBPM-04,y,4:SA:Y,,SR01C-DI-EBPM-04:CF:ENABLED_S,1
36,SR01A-PC-S1A-04,b2,4:I,4:SETI,,
36,SR01A-PC-HSTR-04,b0,4:I,4:SETI,,
36,SR01A-PC-VSTR-04,a0,4:I,4:SETI,,
39,SR01A-PC-Q1AB-06,b1,6:I,6:SETI,,
42,SR01A-PC-S2A-05,b2,5:I,5:SETI,,
42,SR01A-PC-HSTR-05,b0,5:I,5:SETI,,
42,SR01A-PC-VSTR-05,a0,5:I,5:SETI,,
45,SR01A-PC-Q2AB-07,b1,7:I,7:SETI,,
47,SR01C-DI-EBPM-05,x,5:SA:X,,SR01C-DI-EBPM-05:CF:ENABLED_S,1
47,SR01C-DI-EBPM-05,y,5:SA:Y,,SR01C-DI-EBPM-05:CF:ENABLED_S,1
49,SR-PC-DIPOL-01,b0,1:I,1:SETI,,
52,SR01A-PC-S2C-06,b2,6:I,6:SETI,,
52,SR01A-PC-HSTR-06,b0,6:I,6:SETI,,
52,SR01A-PC-VSTR-06,a0,6:I,6:SETI,,
55,SR01A-PC-Q3B-08,b1,8:I,8:SETI,,
57,SR01C-DI-EBPM-06,x,6:SA:X,,SR01C-DI-EBPM-06:CF:ENABLED_S,1
57,SR01C-DI-EBPM-06,y,6:SA:Y,,SR01C-DI-EBPM-06:CF:ENABLED_S,1
59,SR01A-PC-Q2B-09,b1,9:I,9:SETI,,
62,SR01A-PC-S1C-07,b2,7:I,7:SETI,,
62,SR01A-PC-HSTR-07,b0,7:I,7:SETI,,
62,SR01A-PC-VSTR-07,a0,7:I,7:SETI,,
65,SR01A-PC-Q1B-10,b1,0:I,0:SETI,,
67,SR01C-DI-EBPM-07,x,7:SA:X,,SR01C-DI-EBPM-07:CF:ENABLED_S,1
67,SR01C-DI-EBPM-07,y,7:SA:Y,,SR01C-DI-EBPM-07:CF:ENABLED_S,1
95,SR02C-DI-EBPM-01,x,1:SA:X,,SR02C-DI-EBPM-01:CF:ENABLED_S,1
95,SR02C-DI-EBPM-01,y,1:SA:Y,,SR02C-DI-EBPM-01:CF:ENABLED_S,1
99,SR02A-PC-Q1BE-01,b1,1:I,1:SETI,,
101,SR02A-PC-S1BE-01,b2,1:I,1:SETI,,
101,SR02A-PC-HSTR-01,b0,1:I,1:SETI,,
101,SR02A-PC-VSTR-01,a0,1:I,1:SETI,,
103,SR02A-PC-Q2BE-02,b1,2:I,2:SETI,,
107,SR02A-PC-S2BE-02,b2,2:I,2:SETI,,
111,SR-PC-DIPOL-01,b0,1:I,1:SETI,,
118,SR02C-DI-EBPM-02,x,2:SA:X,,SR02C-DI-EBPM-02:CF:ENABLED_S,1
118,SR02C-DI-EBPM-02,y,2:SA:Y,,SR02C-DI-EBPM-02:CF:ENABLED_S,1
120,SR02A-PC-S3E-03,b2,3:I,3:SETI,,
122,SR02A-PC-Q3E-03,b1,3:I,3:SETI,,
126,SR02A-PC-S4E-04,b2,4:I,4:SETI,,
126,SR02A-PC-HSTR-04,b0,4:I,4:SETI,,
126,SR02A-PC-VSTR-04,a0,4:I,4:SETI,,
128,SR02A-PC-Q3E-04,b1,4:I,4:SETI,,
130,SR02A-PC-S3E-05,b2,5:I,5:SETI,,
130,SR02A-PC-HSTR-05,b0,5:I,5:SETI,,
130,SR02A-PC-VSTR-05,a0,5:I,5:SETI,,
134,SR02C-DI-EBPM-03,x,3:SA:X,,SR02C-DI-EBPM-03:CF:ENABLED_S,1
134,SR02C-DI-EBPM-03,y,3:SA:Y,,SR02C-DI-EBPM-03:CF:ENABLED_S,1
136,SR-PC-DIPOL-01,b0,1:I,1:SETI,,
138,SR02A-PC-HSCOR-01,b0,1:I,1:SETI,,
138,SR02A-PC-VSCOR-01,a0,1:I,1:SETI,,
140,SR02A-PC-Q4E-05,b1,5:I,5:SETI,,
145,SR02C-DI-EBPM-04,x,4:SA:X,,SR02C-DI-EBPM-04:CF:ENABLED_S,1
145,SR02C-DI-EBPM-04,y,4:SA:Y,,SR02C-DI-EBPM-04:CF:ENABLED_S,1
153,SR02C-DI-EBPM-05,x,5:SA:X,,SR02C-DI-EBPM-05:CF:ENABLED_S,1
153,SR02C-DI-EBPM-05,y,5:SA:Y,,SR02C-DI-EBPM-05:CF:ENABLED_S,1
155,SR02A-PC-Q4E-06,b1,6:I,6:SETI,,
156,SR02A-PC-HSCOR-02,b0,2:I,2:SETI,,
156,SR02A-PC-VSCOR-02,a0,2:I,2:SETI,,
160,SR-PC-DIPOL-01,b0,1:I,1:SETI,,
167,SR02A-PC-S3E-06,b2,6:I,6:SETI,,
169,SR02A-PC-Q3E-07,b1,7:I,7:SETI,,
173,SR02C-DI-EBPM-06,x,6:SA:X,,SR02C-DI-EBPM-06:CF:ENABLED_S,1
173,SR02C-DI-EBPM-06,y,6:SA:Y,,SR02C-DI-EBPM-06:CF:ENABLED_S,1
175,SR02A-PC-S4E-07,b2,7:I,7:SETI,,
175,SR02A-PC-HSTR-07,b0,7:I,7:SETI,,
175,SR02A-PC-VSTR-07,a0,7:I,7:SETI,,
177,SR02A-PC-Q3E-08,b1,8:I,8:SETI,,
179,SR02A-PC-S3E-08,b2,8:I,8:SETI,,
179,SR02A-PC-HSTR-08,b0,8:I,8:SETI,,
179,SR02A-PC-VSTR-08,a0,8:I,8:SETI,,
183,SR02C-DI-EBPM-07,x,7:SA:X,,SR02C-DI-EBPM-07:CF:ENABLED_S,1
183,SR02C-DI-EBPM-07,y,7:SA:Y,,SR02C-DI-EBPM-07:CF:ENABLED_S,1
185,SR-PC-DIPOL-01,b0,1:I,1:SETI,,
190,SR02A-PC-S2BE-09,b2,9:I,9:SETI,,
194,SR02A-PC-Q2BE-09,b1,9:I,9:SETI,,
198,SR02A-PC-S1BE-10,b2,0:I,0:SETI,,
198,SR02A-PC-HSTR-10,b0,0:I,0:SETI,,
198,SR02A-PC-VSTR-10,a0,0:I,0:SETI,,
200,SR02A-PC-Q1BE-10,b1,0:I,0:SETI,,
208,SR02C-DI-EBPM-08,x,8:SA:X,,SR02C-DI-EBPM-08:CF:ENABLED_S,1
208,SR02C-DI-EBPM-08,y,8:SA:Y,,SR02C-DI-EBPM-08:CF:ENABLED_S,1
236,SR03C-DI-EBPM-01,x,1:SA:X,,SR03C-DI-EBPM-01:CF:ENABLED_S,1
236,SR03C-DI-EBPM-01,y,1:SA:Y,,SR03C-DI-EBPM-01:CF:ENABLED_S,1
238,SR03A-PC-Q1B-01,b1,1:I,1:SETI,,
241,SR03A-PC-S1B-01,b2,1:I,1:SETI,,
241,SR03A-PC-HSTR-01,b0,1:I,1:SETI,,
241,SR03A-PC-VSTR-01,a0,1:I,1:SETI,,
244,SR03A-PC-Q2B-02,b1,2:I,2:SETI,,
246,SR03A-PC-Q3B-03,b1,3:I,3:SETI,,
249,SR03A-PC-S2B-02,b2,2:I,2:SETI,,
249,SR03A-PC-HSTR-02,b0,2:I,2:SETI,,
249,SR03A-PC-VSTR-02,a0,2:I,2:SETI,,
252,SR03C-DI-EBPM-02,x,2:SA:X,,SR03C-DI-EBPM-02:CF:ENABLED_S,1
252,SR03C-DI-EBPM-02,y,2:SA:Y,,SR03C-DI-EBPM-02:CF:ENABLED_S,1
254,SR-PC-DIPOL-01,b0,1:I,1:SETI,,
256,SR03A-PC-Q2AB-04,b1,4:I,4:SETI,,
258,SR03C-DI-EBPM-03,x,3:SA:X,,SR03C-DI-EBPM-03:CF:ENABLED_S,1
258,SR03C-DI-EBPM-03,y,3:SA:Y,,SR03C-DI-EBPM-03:CF:ENABLED_S,1
261,SR03A-PC-S2A-03,b2,3:I,3:SETI,,
261,SR03A-PC-HSTR-03,b0,3:I,3:SETI,,
261,SR03A-PC-VSTR-03,a0,3:I,3:SETI,,
264,SR03A-PC-Q1AB-05,b1,5:I,5:SETI,,
266,SR03C-DI-EBPM-04,x,4:SA:X,,SR03C-DI-EBPM-04:CF:ENABLED_S,1
266,SR03C-DI-EBPM-04,y,4:SA:Y,,SR03C-DI-EBPM-04:CF:ENABLED_S,1
269,SR03A-PC-S1A-04,b2,4:I,4:SETI,,
269,SR03A-PC-HSTR-04,b0,4:I,4:SETI,,
269,SR03A-PC-VSTR-04,a0,4:I,4:SETI,,
272,SR03A-PC-Q1AB-06,b1,6:I,6:SETI,,
275,SR03A-PC-S2A-05,b2,5:I,5:SETI,,
275,SR03A-PC-HSTR-05,b0,5:I,5:SETI,,
275,SR03A-PC-VSTR-05,a0,5:I,5:SETI,,
278,SR03A-PC-Q2AB-07,b1,7:I,7:SETI,,
280,SR03C-DI-EBPM-05,x,5:SA:X,,SR03C-DI-EBPM-05:CF:ENABLED_S,1
280,SR03C-DI-EBPM-05,y,5:SA:Y,,SR03C-DI-EBPM-05:CF:ENABLED_S,1
282,SR-PC-DIPOL-01,b0,1:I,1:SETI,,
285,SR03A-PC-S2B-06,b2,6:I,6:SETI,,
285,SR03A-PC-HSTR-06,b0,6:I,6:SETI,,
285,SR03A-PC-VSTR-06,a0,6:I,6:SETI,,
288,SR03A-PC-Q3B-08,b1,8:I,8:SETI,,
290,SR03C-DI-EBPM-06,x,6:SA:X,,SR03C-DI-EBPM-06:CF:ENABLED_S,1
290,SR03C-DI-EBPM-06,y,6:SA:Y,,SR03C-DI-EBPM-06:CF:ENABLED_S,1
292,SR03A-PC-Q2B-09,b1,9:I,9:SETI,,
295,SR03A-PC-S1B-07,b2,7:I,7:SETI,,
295,SR03A-PC-HSTR-07,b0,7:I,7:SETI,,
295,SR03A-PC-VSTR-07,a0,7:I,7:SETI,,
298,SR03A-PC-Q1B-10,b1,0:I,0:SETI,,
300,SR03C-DI-EBPM-07,x,7:SA:X,,SR03C-DI-EBPM-07:CF:ENABLED_S,1
300,SR03C-DI-EBPM-07,y,7:SA:Y,,SR03C-DI-EBPM-07:CF:ENABLED_S,1
338,SR04C-DI-EBPM-01,x,1:SA:X,,SR04C-DI-EBPM-01:CF:ENABLED_S,1
338,SR04C-DI-EBPM-01,y,1:SA:Y,,SR04C-DI-EBPM-01:CF:ENABLED_S,1
340,SR04A-PC-Q1B-01,b1,1:I,1:SETI,,
343,SR04A-PC-S1C-01,b2,1:I,1:SETI,,
343,SR04A-PC-HSTR-01,b0,1:I,1:SETI,,
343,SR04A-PC-VSTR-01,a0,1:I,1:SETI,,
346,SR04A-PC-Q2B-02,b1,2:I,2:SETI,,
348,SR04A-PC-Q3B-03,b1,3:I,3:SETI,,
351,SR04A-PC-S2C-02,b2,2:I,2:SETI,,
351,SR04A-PC-HSTR-02,b0,2:I,2:SETI,,
351,SR04A-PC-VSTR-02,a0,2:I,2:SETI,,
354,SR04C-DI-EBPM-02,x,2:SA:X,,SR04C-DI-EBPM-02:CF:ENABLED_S,1
354,SR04C-DI-EBPM-02,y,2:SA:Y,,SR04C-DI-EBPM-02:CF:ENABLED_S,1
356,SR-PC-DIPOL-01,b0,1:I,1:SETI,,
358,SR04A-PC-Q2AB-04,b1,4:I,4:SETI,,
360,SR04C-DI-EBPM-03,x,3:SA:X,,SR04C-DI-EBPM-03:CF:ENABLED_S,1
360,SR04C-DI-EBPM-03,y,3:SA:Y,,SR04C-DI-EBPM-03:CF:ENABLED_S,1
363,SR04A-PC-S2A-03,b2,3:I,3:SETI,,
363,SR04A-PC-HSTR-03,b0,3:I,3:SETI,,
363,SR04A-PC-VSTR-03,a0,3:I,3:SETI,,
366,SR04A-PC-Q1AB-05,b1,5:I,5:SETI,,
368,SR04C-DI-EBPM-04,x,4:SA:X,,SR04C-DI-EBPM-04:CF:ENABLED_S,1
368,SR04C-DI-EBPM-04,y,4:SA:Y,,SR04C-DI-EBPM-04:CF:ENABLED_S,1
371,SR04A-PC-S1A-04,b2,4:I,4:SETI,,
371,SR04A-PC-HSTR-04,b0,4:I,4:SETI,,
371,SR04A-PC-VSTR-04,a0,4:I,4:SETI,,
374,SR04A-PC-Q1AD-06,b1,6:I,6:SETI,,
377,SR04A-PC-S2A-05,b2,5:I,5:SETI,,
377,SR04A-PC-HSTR-05,b0,5:I,5:SETI,,
377,SR04A-PC-VSTR-05,a0,5:I,5:SETI,,
380,SR04A-PC-Q2AD-07,b1,7:I,7:SETI,,
382,SR04C-DI-EBPM-05,x,5:SA:X,,SR04C-DI-EBPM-05:CF:ENABLED_S,1
382,SR04C-DI-EBPM-05,y,5:SA:Y,,SR04C-DI-EBPM-05:CF:ENABLED_S,1
384,SR-PC-DIPOL-01,b0,1:I,1:SETI,,
387,SR04A-PC-S2D-06,b2,6:I,6:SETI,,
387,SR04A-PC-HSTR-06,b0,6:I,6:SETI,,
387,SR04A-PC-VSTR-06,a0,6:I,6:SETI,,
390,SR04A-PC-Q3D-08,b1,8:I,8:SETI,,
392,SR04C-DI-EBPM-06,x,6:SA:X,,SR04C-DI-EBPM-06:CF:ENABLED_S,1
392,SR04C-DI-EBPM-06,y,6:SA:Y,,SR04C-DI-EBPM-06:CF:ENABLED_S,1
394,SR04A-PC-Q2D-09,b1,9:I,9:SETI,,
397,SR04A-PC-S1D-07,b2,7:I,7:SETI,,
397,SR04A-PC-HSTR-07,b0,7:I,7:SETI,,
397,SR04A-PC-VSTR-07,a0,7:I,7:SETI,,
400,SR04A-PC-Q1D-10,b1,0:I,0:SETI,,
402,SR04C-DI-EBPM-07,x,7:SA:X,,SR04C-DI-EBPM-07:CF:ENABLED_S,1
402,SR04C-DI-EBPM-07,y,7:SA:Y,,SR04C-DI-EBPM-07:CF:ENABLED_S,1
419,SR05C-DI-EBPM-01,x,1:SA:X,,SR05C-DI-EBPM-01:CF:ENABLED_S,1
419,SR05C-DI-EBPM-01,y,1:SA:Y,,SR05C-DI-EBPM-01:CF:ENABLED_S,1
421,SR05A-PC-Q1D-01,b1,1:I,1:SETI,,
424,SR05A-PC-S1D-01,b2,1:I,1:SETI,,
424,SR05A-PC-HSTR-01,b0,1:I,1:SETI,,
424,SR05A-PC-VSTR-01,a0,1:I,1:SETI,,
427,SR05A-PC-Q2D-02,b1,2:I,2:SETI,,
429,SR05A-PC-Q3D-03,b1,3:I,3:SETI,,
432,SR05A-PC-S2D-02,b2,2:I,2:SETI,,
432,SR05A-PC-HSTR-02,b0,2:I,2:SETI,,
432,SR05A-PC-VSTR-02,a0,2:I,2:SETI,,
435,SR05C-DI-EBPM-02,x,2:SA:X,,SR05C-DI-EBPM-02:CF:ENABLED_S,1
435,SR05C-DI-EBPM-02,y,2:SA:Y,,SR05C-DI-EBPM-02:CF:ENABLED_S,1
437,SR-PC-DIPOL-01,b0,1:I,1:SETI,,
439,SR05A-PC-Q2AD-04,b1,4:I,4:SETI,,
441,SR05C-DI-EBPM-03,x,3:SA:X,,SR05C-DI-EBPM-03:CF:ENABLED_S,1
441,SR05C-DI-EBPM-03,y,3:SA:Y,,SR05C-DI-EBPM-03:CF:ENABLED_S,1
444,SR05A-PC-S2A-03,b2,3:I,3:SETI,,
444,SR05A-PC-HSTR-03,b0,3:I,3:SETI,,
444,SR05A-PC-VSTR-03,a0,3:I,3:SETI,,
447,SR05A-PC-Q1AD-05,b1,5:I,5:SETI,,
449,SR05C-DI-EBPM-04,x,4:SA:X,,SR05C-DI-EBPM-04:CF:ENABLED_S,1
449,SR05C-DI-EBPM-04,y,4:SA:Y,,SR05C-DI-EBPM-04:CF:ENABLED_S,1
452,SR05A-PC-S1A-04,b2,4:I,4:SETI,,
452,SR05A-PC-HSTR-04,b0,4:I,4:SETI,,
452,SR05A-PC-VSTR-04,a0,4:I,4:SETI,,
455,SR05A-PC-Q1AB-06,b1,6:I,6:SETI,,
458,SR05A-PC-S2A-05,b2,5:I,5:SETI,,
458,SR05A-PC-HSTR-05,b0,5:I,5:SETI,,
458,SR05A-PC-VSTR-05,a0,5:I,5:SETI,,
461,SR05A-PC-Q2AB-07,b1,7:I,7:SETI,,
463,SR05C-DI-EBPM-05,x,5:SA:X,,SR05C-DI-EBPM-05:CF:ENABLED_S,1
463,SR05C-DI-EBPM-05,y,5:SA:Y,,SR05C-DI-EBPM-05:CF:ENABLED_S,1
465,SR-PC-DIPOL-01,b0,1:I,1:SETI,,
468,SR05A-PC-S2C-06,b2,6:I,6:SETI,,
468,SR05A-PC-HSTR-06,b0,6:I,6:SETI,,
468,SR05A-PC-VSTR-06,a0,6:I,6:SETI,,
471,SR05A-PC-Q3B-08,b1,8:I,8:SETI,,
473,SR05C-DI-EBPM-06,x,6:SA:X,,SR05C-DI-EBPM-06:CF:ENABLED_S,1
473,SR05C-DI-EBPM-06,y,6:SA:Y,,SR05C-DI-EBPM-06:CF:ENABLED_S,1
475,SR05A-PC-Q2B-09,b1,9:I,9:SETI,,
478,SR05A-PC-S1C-07,b2,7:I,7:SETI,,
478,SR05A-PC-HSTR-07,b0,7:I,7:SETI,,
478,SR05A-PC-VSTR-07,a0,7:I,7:SETI,,
481,SR05A-PC-Q1B-10,b1,0:I,0:SETI,,
483,SR05C-DI-EBPM-07,x,7:SA:X,,SR05C-DI-EBPM-07:CF:ENABLED_S,1
483,SR05C-DI-EBPM-07,y,7:SA:Y,,SR05C-DI-EBPM-07:CF:ENABLED_S,1
510,SR06C-DI-EBPM-01,x,1:SA:X,,SR06C-DI-EBPM-01:CF:ENABLED_S,1
510,SR06C-DI-EBPM-01,y,1:SA:Y,,SR06C-DI-EBPM-01:CF:ENABLED_S,1
512,SR06A-PC-Q1B-01,b1,1:I,1:SETI,,
515,SR06A-PC-S1B-01,b2,1:I,1:SETI,,
515,SR06A-PC-HSTR-01,b0,1:I,1:SETI,,
515,SR06A-PC-VSTR-01,a0,1:I,1:SETI,,
518,SR06A-PC-Q2B-02,b1,2:I,2:SETI,,
520,SR06A-PC-Q3B-03,b1,3:I,3:SETI,,
523,SR06A-PC-S2B-02,b2,2:I,2:SETI,,
523,SR06A-PC-HSTR-02,b0,2:I,2:SETI,,
523,SR06A-PC-VSTR-02,a0,2:I,2:SETI,,
526,SR06C-DI-EBPM-02,x,2:SA:X,,SR06C-DI-EBPM-02:CF:ENABLED_S,1
526,SR06C-DI-EBPM-02,y,2:SA:Y,,SR06C-DI-EBPM-02:CF:ENABLED_S,1
528,SR-PC-DIPOL-01,b0,1:I,1:SETI,,
530,SR06A-PC-Q2AB-04,b1,4:I,4:SETI,,
532,SR06C-DI-EBPM-03,x,3:SA:X,,SR06C-DI-EBPM-03:CF:ENABLED_S,1
532,SR06C-DI-EBPM-03,y,3:SA:Y,,SR06C-DI-EBPM-03:CF:ENABLED_S,1
535,SR06A-PC-S2A-03,b2,3:I,3:SETI,,
535,SR06A-PC-HSTR-03,b0,3:I,3:SETI,,
535,SR06A-PC-VSTR-03,a0,3:I,3:SETI,,
538,SR06A-PC-Q1AB-05,b1,5:I,5:SETI,,
540,SR06C-DI-EBPM-04,x,4:SA:X,,SR06C-DI-EBPM-04:CF:ENABLED_S,1
540,SR06C-DI-EBPM-04,y,4:SA:Y,,SR06C-DI-EBPM-04:CF:ENABLED_S,1
543,SR06A-PC-S1A-04,b2,4:I,4:SETI,,
543,SR06A-PC-HSTR-04,b0,4:I,4:SETI,,
543,SR06A-PC-VSTR-04,a0,4:I,4:SETI,,
546,SR06A-PC-Q1AB-06,b1,6:I,6:SETI,,
549,SR06A-PC-S2A-05,b2,5:I,5:SETI,,
549,SR06A-PC-HSTR-05,b0,5:I,5:SETI,,
549,SR06A-PC-VSTR-05,a0,5:I,5:SETI,,
552,SR06A-PC-Q2AB-07,b1,7:I,7:SETI,,
554,SR06C-DI-EBPM-05,x,5:SA:X,,SR06C-DI-EBPM-05:CF:ENABLED_S,1
554,SR06C-DI-EBPM-05,y,5:SA:Y,,SR06C-DI-EBPM-05:CF:ENABLED_S,1
556,SR-PC-DIPOL-01,b0,1:I,1:SETI,,
559,SR06A-PC-S2B-06,b2,6:I,6:SETI,,
559,SR06A-PC-HSTR-06,b0,6:I,6:SETI,,
559,SR06A-PC-VSTR-06,a0,6:I,6:SETI,,
562,SR06A-PC-Q3B-08,b1,8:I,8:SETI,,
564,SR06C-DI-EBPM-06,x,6:SA:X,,SR06C-DI-EBPM-06:CF:ENABLED_S,1
564,SR06C-DI-EBPM-06,y,6:SA:Y,,SR06C-DI-EBPM-06:CF:ENABLED_S,1
566,SR06A-PC-Q2B-09,b1,9:I,9:SETI,,
569,SR06A-PC-S1B-07,b2,7:I,7:SETI,,
569,SR06A-PC-HSTR-07,b0,7:I,7:SETI,,
569,SR06A-PC-VSTR-07,a0,7:I,7:SETI,,
572,SR06A-PC-Q1B-10,b1,0:I,0:SETI,,
574,SR06C-DI-EBPM-07,x,7:SA:X,,SR06C-DI-EBPM-07:CF:ENABLED_S,1
574,SR06C-DI-EBPM-07,y,7:SA:Y,,SR06C-DI-EBPM-07:CF:ENABLED_S,1
602,SR07C-DI-EBPM-01,x,1:SA:X,,SR07C-DI-EBPM-01:CF:ENABLED_S,1
602,SR07C-DI-EBPM-01,y,1:SA:Y,,SR07C-DI-EBPM-01:CF:ENABLED_S,1
604,SR07A-PC-Q1B-01,b1,1:I,1:SETI,,
607,SR07A-PC-S1B-01,b2,1:I,1:SETI,,
607,SR07A-PC-HSTR-01,b0,1:I,1:SETI,,
607,SR07A-PC-VSTR-01,a0,1:I,1:SETI,,
610,SR07A-PC-Q2B-02,b1,2:I,2:SETI,,
612,SR07A-PC-Q3B-03,b1,3:I,3:SETI,,
615,SR07A-PC-S2B-02,b2,2:I,2:SETI,,
615,SR07A-PC-HSTR-02,b0,2:I,2:SETI,,
615,SR07A-PC-VSTR-02,a0,2:I,2:SETI,,
618,SR07C-DI-EBPM-02,x,2:SA:X,,SR07C-DI-EBPM-02:CF:ENABLED_S,1
618,SR07C-DI-EBPM-02,y,2:SA:Y,,SR07C-DI-EBPM-02:CF:ENABLED_S,1
620,SR-PC-DIPOL-01,b0,1:I,1:SETI,,
622,SR07A-PC-Q2AB-04,b1,4:I,4:SETI,,
624,SR07C-DI-EBPM-03,x,3:SA:X,,SR07C-DI-EBPM-03:CF:ENABLED_S,1
624,SR07C-DI-EBPM-03,y,3:SA:Y,,SR07C-DI-EBPM-03:CF:ENABLED_S,1
627,SR07A-PC-S2A-03,b2,3:I,3:SETI,,
627,SR07A-PC-HSTR-03,b0,3:I,3:SETI,,
627,SR07A-PC-VSTR-03,a0,3:I,3:SETI,,
630,SR07A-PC-Q1AB-05,b1,5:I,5:SETI,,
632,SR07C-DI-EBPM-04,x,4:SA:X,,SR07C-DI-EBPM-04:CF:ENABLED_S,1
632,SR07C-DI-EBPM-04,y,4:SA:Y,,SR07C-DI-EBPM-04:CF:ENABLED_S,1
635,SR07A-PC-S1A-04,b2,4:I,4:SETI,,
635,SR07A-PC-HSTR-04,b0,4:I,4:SETI,,
635,SR07A-PC-VSTR-04,a0,4:I,4:SETI,,
638,SR07A-PC-Q1AB-06,b1,6:I,6:SETI,,
641,SR07A-PC-S2A-05,b2,5:I,5:SETI,,
641,SR07A-PC-HSTR-05,b0,5:I,5:SETI,,
641,SR07A-PC-VSTR-05,a0,5:I,5:SETI,,
644,SR07A-PC-Q2AB-07,b1,7:I,7:SETI,,
646,SR07C-DI-EBPM-05,x,5:SA:X,,SR07C-DI-EBPM-05:CF:ENABLED_S,1
646,SR07C-DI-EBPM-05,y,5:SA:Y,,SR07C-DI-EBPM-05:CF:ENABLED_S,1
649,SR-PC-DIPOL-01,b0,1:I,1:SETI,,
652,SR07A-PC-S2B-06,b2,6:I,6:SETI,,
652,SR07A-PC-HSTR-06,b0,6:I,6:SETI,,
652,SR07A-PC-VSTR-06,a0,6:I,6:SETI,,
655,SR07A-PC-Q3B-08,b1,8:I,8:SETI,,
657,SR07C-DI-EBPM-06,x,6:SA:X,,SR07C-DI-EBPM-06:CF:ENABLED_S,1
657,SR07C-DI-EBPM-06,y,6:SA:Y,,SR07C-DI-EBPM-06:CF:ENABLED_S,1
659,SR07A-PC-Q2B-09,b1,9:I,9:SETI,,
662,SR07A-PC-S1B-07,b2,7:I,7:SETI,,
662,SR07A-PC-HSTR-07,b0,7:I,7:SETI,,
662,SR07A-PC-VSTR-07,a0,7:I,7:SETI,,
665,SR07A-PC-Q1B-10,b1,0:I,0:SETI,,
667,SR07C-DI-EBPM-07,x,7:SA:X,,SR07C-DI-EBPM-07:CF:ENABLED_S,1
667,SR07C-DI-EBPM-07,y,7:SA:Y,,SR07C-DI-EBPM-07:CF:ENABLED_S,1
681,SR08C-DI-EBPM-01,x,1:SA:X,,SR08C-DI-EBPM-01:CF:ENABLED_S,1
681,SR08C-DI-EBPM-01,y,1:SA:Y,,SR08C-DI-EBPM-01:CF:ENABLED_S,1
683,SR08A-PC-Q1B-01,b1,1:I,1:SETI,,
686,SR08A-PC-S1C-01,b2,1:I,1:SETI,,
686,SR08A-PC-HSTR-01,b0,1:I,1:SETI,,
686,SR08A-PC-VSTR-01,a0,1:I,1:SETI,,
689,SR08A-PC-Q2B-02,b1,2:I,2:SETI,,
691,SR08A-PC-Q3B-03,b1,3:I,3:SETI,,
694,SR08A-PC-S2C-02,b2,2:I,2:SETI,,
694,SR08A-PC-HSTR-02,b0,2:I,2:SETI,,
694,SR08A-PC-VSTR-02,a0,2:I,2:SETI,,
697,SR08C-DI-EBPM-02,x,2:SA:X,,SR08C-DI-EBPM-02:CF:ENABLED_S,1
697,SR08C-DI-EBPM-02,y,2:SA:Y,,SR08C-DI-EBPM-02:CF:ENABLED_S,1
699,SR-PC-DIPOL-01,b0,1:I,1:SETI,,
701,SR08A-PC-Q2AB-04,b1,4:I,4:SETI,,
703,SR08C-DI-EBPM-03,x,3:SA:X,,SR08C-DI-EBPM-03:CF:ENABLED_S,1
703,SR08C-DI-EBPM-03,y,3:SA:Y,,SR08C-DI-EBPM-03:CF:ENABLED_S,1
706,SR08A-PC-S2A-03,b2,3:I,3:SETI,,
706,SR08A-PC-HSTR-03,b0,3:I,3:SETI,,
706,SR08A-PC-VSTR-03,a0,3:I,3:SETI,,
709,SR08A-PC-Q1AB-05,b1,5:I,5:SETI,,
711,SR08C-DI-EBPM-04,x,4:SA:X,,SR08C-DI-EBPM-04:CF:ENABLED_S,1
711,SR08C-DI-EBPM-04,y,4:SA:Y,,SR08C-DI-EBPM-04:CF:ENABLED_S,1
714,SR08A-PC-S1A-04,b2,4:I,4:SETI,,
714,SR08A-PC-HSTR-04,b0,4:I,4:SETI,,
714,SR08A-PC-VSTR-04,a0,4:I,4:SETI,,
717,SR08A-PC-Q1AD-06,b1,6:I,6:SETI,,
720,SR08A-PC-S2A-05,b2,5:I,5:SETI,,
720,SR08A-PC-HSTR-05,b0,5:I,5:SETI,,
720,SR08A-PC-VSTR-05,a0,5:I,5:SETI,,
723,SR08A-PC-Q2AD-07,b1,7:I,7:SETI,,
725,SR08C-DI-EBPM-05,x,5:SA:X,,SR08C-DI-EBPM-05:CF:ENABLED_S,1
725,SR08C-DI-EBPM-05,y,5:SA:Y,,SR08C-DI-EBPM-05:CF:ENABLED_S,1
727,SR-PC-DIPOL-01,b0,1:I,1:SETI,,
730,SR08A-PC-S2D-06,b2,6:I,6:SETI,,
730,SR08A-PC-HSTR-06,b0,6:I,6:SETI,,
730,SR08A-PC-VSTR-06,a0,6:I,6:SETI,,
733,SR08A-PC-Q3D-08,b1,8:I,8:SETI,,
735,SR08C-DI-EBPM-06,x,6:SA:X,,SR08C-DI-EBPM-06:CF:ENABLED_S,1
735,SR08C-DI-EBPM-06,y,6:SA:Y,,SR08C-DI-EBPM-06:CF:ENABLED_S,1
737,SR08A-PC-Q2D-09,b1,9:I,9:SETI,,
740,SR08A-PC-S1D-07,b2,7:I,7:SETI,,
740,SR08A-PC-HSTR-07,b0,7:I,7:SETI,,
740,SR08A-PC-VSTR-07,a0,7:I,7:SETI,,
743,SR08A-PC-Q1D-10,b1,0:I,0:SETI,,
745,SR08A-PC-QUADF-01,b1,1:I,1:SETI,,
751,SR08C-DI-EBPM-07,x,7:SA:X,,SR08C-DI-EBPM-07:CF:ENABLED_S,1
751,SR08C-DI-EBPM-07,y,7:SA:Y,,SR08C-DI-EBPM-07:CF:ENABLED_S,1
763,SR09S-DI-EBPM-01,x,1:SA:X,,SR09S-DI-EBPM-01:CF:ENABLED_S,1
763,SR09S-DI-EBPM-01,y,1:SA:Y,,SR09S-DI-EBPM-01:CF:ENABLED_S,1
764,SR09S-PC-HSTR-01,b0,1:I,1:SETI,,
764,SR09S-PC-VSTR-01,a0,1:I,1:SETI,,
770,SR09S-PC-QUADD-02,b1,2:I,2:SETI,,
772,SR09S-PC-QUADF-03,b1,3:I,3:SETI,,
774,SR09S-DI-EBPM-02,x,2:SA:X,,SR09S-DI-EBPM-02:CF:ENABLED_S,1
774,SR09S-DI-EBPM-02,y,2:SA:Y,,SR09S-DI-EBPM-02:CF:ENABLED_S,1
775,SR09S-PC-HSTR-02,b0,2:I,2:SETI,,
775,SR09S-PC-VSTR-02,a0,2:I,2:SETI,,
787,SR09C-DI-EBPM-01,x,1:SA:X,,SR09C-DI-EBPM-01:CF:ENABLED_S,1
787,SR09C-DI-EBPM-01,y,1:SA:Y,,SR09C-DI-EBPM-01:CF:ENABLED_S,1
793,SR09A-PC-QUADF-04,b1,4:I,4:SETI,,
795,SR09A-PC-Q1D-01,b1,1:I,1:SETI,,
798,SR09A-PC-S1D-01,b2,1:I,1:SETI,,
798,SR09A-PC-HSTR-01,b0,1:I,1:SETI,,
798,SR09A-PC-VSTR-01,a0,1:I,1:SETI,,
801,SR09A-PC-Q2D-02,b1,2:I,2:SETI,,
803,SR09A-PC-Q3D-03,b1,3:I,3:SETI,,
806,SR09A-PC-S2D-02,b2,2:I,2:SETI,,
806,SR09A-PC-HSTR-02,b0,2:I,2:SETI,,
806,SR09A-PC-VSTR-02,a0,2:I,2:SETI,,
809,SR09C-DI-EBPM-02,x,2:SA:X,,SR09C-DI-EBPM-02:CF:ENABLED_S,1
809,SR09C-DI-EBPM-02,y,2:SA:Y,,SR09C-DI-EBPM-02:CF:ENABLED_S,1
811,SR-PC-DIPOL-01,b0,1:I,1:SETI,,
813,SR09A-PC-Q2AD-04,b1,4:I,4:SETI,,
815,SR09C-DI-EBPM-03,x,3:SA:X,,SR09C-DI-EBPM-03:CF:ENABLED_S,1
815,SR09C-DI-EBPM-03,y,3:SA:Y,,SR09C-DI-EBPM-03:CF:ENABLED_S,1
818,SR09A-PC-S2A-03,b2,3:I,3:SETI,,
818,SR09A-PC-HSTR-03,b0,3:I,3:SETI,,
818,SR09A-PC-VSTR-03,a0,3:I,3:SETI,,
821,SR09A-PC-Q1AD-05,b1,5:I,5:SETI,,
823,SR09C-DI-EBPM-04,x,4:SA:X,,SR09C-DI-EBPM-04:CF:ENABLED_S,1
823,SR09C-DI-EBPM-04,y,4:SA:Y,,SR09C-DI-EBPM-04:CF:ENABLED_S,1
826,SR09A-PC-S1A-04,b2,4:I,4:SETI,,
826,SR09A-PC-HSTR-04,b0,4:I,4:SETI,,
826,SR09A-PC-VSTR-04,a0,4:I,4:SETI,,
829,SR09A-PC-Q1AB-06,b1,6:I,6:SETI,,
832,SR09A-PC-S2A-05,b2,5:I,5:SETI,,
832,SR09A-PC-HSTR-05,b0,5:I,5:SETI,,
832,SR09A-PC-VSTR-05,a0,5:I,5:SETI,,
835,SR09A-PC-Q2AB-07,b1,7:I,7:SETI,,
837,SR09C-DI-EBPM-05,x,5:SA:X,,SR09C-DI-EBPM-05:CF:ENABLED_S,1
837,SR09C-DI-EBPM-05,y,5:SA:Y,,SR09C-DI-EBPM-05:CF:ENABLED_S,1
839,SR-PC-DIPOL-01,b0,1:I,1:SETI,,
842,SR09A-PC-S2C-06,b2,6:I,6:SETI,,
842,SR09A-PC-HSTR-06,b0,6:I,6:SETI,,
842,SR09A-PC-VSTR-06,a0,6:I,6:SETI,,
845,SR09A-PC-Q3B-08,b1,8:I,8:SETI,,
847,SR09C-DI-EBPM-06,x,6:SA:X,,SR09C-DI-EBPM-06:CF:ENABLED_S,1
847,SR09C-DI-EBPM-06,y,6:SA:Y,,SR09C-DI-EBPM-06:CF:ENABLED_S,1
849,SR09A-PC-Q2B-09,b1,9:I,9:SETI,,
852,SR09A-PC-S1C-07,b2,7:I,7:SETI,,
852,SR09A-PC-HSTR-07,b0,7:I,7:SETI,,
852,SR09A-PC-VSTR-07,a0,7:I,7:SETI,,
855,SR09A-PC-Q1B-10,b1,0:I,0:SETI,,
857,SR09C-DI-EBPM-07,x,7:SA:X,,SR09C-DI-EBPM-07:CF:ENABLED_S,1
857,SR09C-DI-EBPM-07,y,7:SA:Y,,SR09C-DI-EBPM-07:CF:ENABLED_S,1
907,SR10C-DI-EBPM-01,x,1:SA:X,,SR10C-DI-EBPM-01:CF:ENABLED_S,1
907,SR10C-DI-EBPM-01,y,1:SA:Y,,SR10C-DI-EBPM-01:CF:ENABLED_S,1
909,SR10A-PC-Q1B-01,b1,1:I,1:SETI,,
912,SR10A-PC-S1B-01,b2,1:I,1:SETI,,
912,SR10A-PC-HSTR-01,b0,1:I,1:SETI,,
912,SR10A-PC-VSTR-01,a0,1:I,1:SETI,,
915,SR10A-PC-Q2B-02,b1,2:I,2:SETI,,
917,SR10A-PC-Q3B-03,b1,3:I,3:SETI,,
920,SR10A-PC-S2B-02,b2,2:I,2:SETI,,
920,SR10A-PC-HSTR-02,b0,2:I,2:SETI,,
920,SR10A-PC-VSTR-02,a0,2:I,2:SETI,,
923,SR10C-DI-EBPM-02,x,2:SA:X,,SR10C-DI-EBPM-02:CF:ENABLED_S,1
923,SR10C-DI-EBPM-02,y,2:SA:Y,,SR10C-DI-EBPM-02:CF:ENABLED_S,1
925,SR-PC-DIPOL-01,b0,1:I,1:SETI,,
927,SR10A-PC-Q2AB-04,b1,4:I,4:SETI,,
929,SR10C-DI-EBPM-03,x,3:SA:X,,SR10C-DI-EBPM-03:CF:ENABLED_S,1
929,SR10C-DI-EBPM-03,y,3:SA:Y,,SR10C-DI-EBPM-03:CF:ENABLED_S,1
932,SR10A-PC-S2A-03,b2,3:I,3:SETI,,
932,SR10A-PC-HSTR-03,b0,3:I,3:SETI,,
932,SR10A-PC-VSTR-03,a0,3:I,3:SETI,,
935,SR10A-PC-Q1AB-05,b1,5:I,5:SETI,,
937,SR10C-DI-EBPM-04,x,4:SA:X,,SR10C-DI-EBPM-04:CF:ENABLED_S,1
937,SR10C-DI-EBPM-04,y,4:SA:Y,,SR10C-DI-EBPM-04:CF:ENABLED_S,1
940,SR10A-PC-S1A-04,b2,4:I,4:SETI,,
940,SR10A-PC-HSTR-04,b0,4:I,4:SETI,,
940,SR10A-PC-VSTR-04,a0,4:I,4:SETI,,
943,SR10A-PC-Q1AB-06,b1,6:I,6:SETI,,
946,SR10A-PC-S2A-05,b2,5:I,5:SETI,,
946,SR10A-PC-HSTR-05,b0,5:I,5:SETI,,
946,SR10A-PC-VSTR-05,a0,5:I,5:SETI,,
949,SR10A-PC-Q2AB-07,b1,7:I,7:SETI,,
951,SR10C-DI-EBPM-05,x,5:SA:X,,SR10C-DI-EBPM-05:CF:ENABLED_S,1
951,SR10C-DI-EBPM-05,y,5:SA:Y,,SR10C-DI-EBPM-05:CF:ENABLED_S,1
953,SR-PC-DIPOL-01,b0,1:I,1:SETI,,
956,SR10A-PC-S2B-06,b2,6:I,6:SETI,,
956,SR10A-PC-HSTR-06,b0,6:I,6:SETI,,
956,SR10A-PC-VSTR-06,a0,6:I,6:SETI,,
959,SR10A-PC-Q3B-08,b1,8:I,8:SETI,,
961,SR10C-DI-EBPM-06,x,6:SA:X,,SR10C-DI-EBPM-06:CF:ENABLED_S,1
961,SR10C-DI-EBPM-06,y,6:SA:Y,,SR10C-DI-EBPM-06:CF:ENABLED_S,1
963,SR10A-PC-Q2B-09,b1,9:I,9:SETI,,
966,SR10A-PC-S1B-07,b2,7:I,7:SETI,,
966,SR10A-PC-HSTR-07,b0,7:I,7:SETI,,
966,SR10A-PC-VSTR-07,a0,7:I,7:SETI,,
969,SR10A-PC-Q1B-10,b1,0:I,0:SETI,,
971,SR10C-DI-EBPM-07,x,7:SA:X,,SR10C-DI-EBPM-07:CF:ENABLED_S,1
971,SR10C-DI-EBPM-07,y,7:SA:Y,,SR10C-DI-EBPM-07:CF:ENABLED_S,1
985,SR11C-DI-EBPM-01,x,1:SA:X,,SR11C-DI-EBPM-01:CF:ENABLED_S,1
985,SR11C-DI-EBPM-01,y,1:SA:Y,,SR11C-DI-EBPM-01:CF:ENABLED_S,1
987,SR11A-PC-Q1B-01,b1,1:I,1:SETI,,
990,SR11A-PC-S1B-01,b2,1:I,1:SETI,,
990,SR11A-PC-HSTR-01,b0,1:I,1:SETI,,
990,SR11A-PC-VSTR-01,a0,1:I,1:SETI,,
993,SR11A-PC-Q2B-02,b1,2:I,2:SETI,,
995,SR11A-PC-Q3B-03,b1,3:I,3:SETI,,
998,SR11A-PC-S2B-02,b2,2:I,2:SETI,,
998,SR11A-PC-HSTR-02,b0,2:I,2:SETI,,
998,SR11A-PC-VSTR-02,a0,2:I,2:SETI,,
1001,SR11C-DI-EBPM-02,x,2:SA:X,,SR11C-DI-EBPM-02:CF:ENABLED_S,1
1001,SR11C-DI-EBPM-02,y,2:SA:Y,,SR11C-DI-EBPM-02:CF:ENABLED_S,1
1003,SR-PC-DIPOL-01,b0,1:I,1:SETI,,
1005,SR11A-PC-Q2AB-04,b1,4:I,4:SETI,,
1007,SR11C-DI-EBPM-03,x,3:SA:X,,SR11C-DI-EBPM-03:CF:ENABLED_S,1
1007,SR11C-DI-EBPM-03,y,3:SA:Y,,SR11C-DI-EBPM-03:CF:ENABLED_S,1
1010,SR11A-PC-S2A-03,b2,3:I,3:SETI,,
1010,SR11A-PC-HSTR-03,b0,3:I,3:SETI,,
1010,SR11A-PC-VSTR-03,a0,3:I,3:SETI,,
1013,SR11A-PC-Q1AB-05,b1,5:I,5:SETI,,
1015,SR11C-DI-EBPM-04,x,4:SA:X,,SR11C-DI-EBPM-04:CF:ENABLED_S,1
1015,SR11C-DI-EBPM-04,y,4:SA:Y,,SR11C-DI-EBPM-04:CF:ENABLED_S,1
1018,SR11A-PC-S1A-04,b2,4:I,4:SETI,,
1018,SR11A-PC-HSTR-04,b0,4:I,4:SETI,,
1018,SR11A-PC-VSTR-04,a0,4:I,4:SETI,,
1021,SR11A-PC-Q1AB-06,b1,6:I,6:SETI,,
1024,SR11A-PC-S2A-05,b2,5:I,5:SETI,,
1024,SR11A-PC-HSTR-05,b0,5:I,5:SETI,,
1024,SR11A-PC-VSTR-05,a0,5:I,5:SETI,,
1027,SR11A-PC-Q2AB-07,b1,7:I,7:SETI,,
1029,SR11C-DI-EBPM-05,x,5:SA:X,,SR11C-DI-EBPM-05:CF:ENABLED_S,1
1029,SR11C-DI-EBPM-05,y,5:SA:Y,,SR11C-DI-EBPM-05:CF:ENABLED_S,1
1031,SR-PC-DIPOL-01,b0,1:I,1:SETI,,
1034,SR11A-PC-S2B-06,b2,6:I,6:SETI,,
1034,SR11A-PC-HSTR-06,b0,6:I,6:SETI,,
1034,SR11A-PC-VSTR-06,a0,6:I,6:SETI,,
1037,SR11A-PC-Q3B-08,b1,8:I,8:SETI,,
1039,SR11C-DI-EBPM-06,x,6:SA:X,,SR11C-DI-EBPM-06:CF:ENABLED_S,1
1039,SR11C-DI-EBPM-06,y,6:SA:Y,,SR11C-DI-EBPM-06:CF:ENABLED_S,1
1041,SR11A-PC-Q2B-09,b1,9:I,9:SETI,,
1044,SR11A-PC-S1B-07,b2,7:I,7:SETI,,
1044,SR11A-PC-HSTR-07,b0,7:I,7:SETI,,
1044,SR11A-PC-VSTR-07,a0,7:I,7:SETI,,
1047,SR11A-PC-Q1B-10,b1,0:I,0:SETI,,
1049,SR11C-DI-EBPM-07,x,7:SA:X,,SR11C-DI-EBPM-07:CF:ENABLED_S,1
1049,SR11C-DI-EBPM-07,y,7:SA:Y,,SR11C-DI-EBPM-07:CF:ENABLED_S,1
1063,SR12C-DI-EBPM-01,x,1:SA:X,,SR12C-DI-EBPM-01:CF:ENABLED_S,1
1063,SR12C-DI-EBPM-01,y,1:SA:Y,,SR12C-DI-EBPM-01:CF:ENABLED_S,1
1065,SR12A-PC-Q1B-01,b1,1:I,1:SETI,,
1068,SR12A-PC-S1C-01,b2,1:I,1:SETI,,
1068,SR12A-PC-HSTR-01,b0,1:I,1:SETI,,
1068,SR12A-PC-VSTR-01,a0,1:I,1:SETI,,
1071,SR12A-PC-Q2B-02,b1,2:I,2:SETI,,
1073,SR12A-PC-Q3B-03,b1,3:I,3:SETI,,
1076,SR12A-PC-S2C-02,b2,2:I,2:SETI,,
1076,SR12A-PC-HSTR-02,b0,2:I,2:SETI,,
1076,SR12A-PC-VSTR-02,a0,2:I,2:SETI,,
1079,SR12C-DI-EBPM-02,x,2:SA:X,,SR12C-DI-EBPM-02:CF:ENABLED_S,1
1079,SR12C-DI-EBPM-02,y,2:SA:Y,,SR12C-DI-EBPM-02:CF:ENABLED_S,1
1081,SR-PC-DIPOL-01,b0,1:I,1:SETI,,
1083,SR12A-PC-Q2AB-04,b1,4:I,4:SETI,,
1085,SR12C-DI-EBPM-03,x,3:SA:X,,SR12C-DI-EBPM-03:CF:ENABLED_S,1
1085,SR12C-DI-EBPM-03,y,3:SA:Y,,SR12C-DI-EBPM-03:CF:ENABLED_S,1
1088,SR12A-PC-S2A-03,b2,3:I,3:SETI,,
1088,SR12A-PC-HSTR-03,b0,3:I,3:SETI,,
1088,SR12A-PC-VSTR-03,a0,3:I,3:SETI,,
1091,SR12A-PC-Q1AB-05,b1,5:I,5:SETI,,
1093,SR12C-DI-EBPM-04,x,4:SA:X,,SR12C-DI-EBPM-04:CF:ENABLED_S,1
1093,SR12C-DI-EBPM-04,y,4:SA:Y,,SR12C-DI-EBPM-04:CF:ENABLED_S,1
1096,SR12A-PC-S1A-04,b2,4:I,4:SETI,,
1096,SR12A-PC-HSTR-04,b0,4:I,4:SETI,,
1096,SR12A-PC-VSTR-04,a0,4:I,4:SETI,,
1099,SR12A-PC-Q1AD-06,b1,6:I,6:SETI,,
1102,SR12A-PC-S2A-05,b2,5:I,5:SETI,,
1102,SR12A-PC-HSTR-05,b0,5:I,5:SETI,,
1102,SR12A-PC-VSTR-05,a0,5:I,5:SETI,,
1105,SR12A-PC-Q2AD-07,b1,7:I,7:SETI,,
1107,SR12C-DI-EBPM-05,x,5:SA:X,,SR12C-DI-EBPM-05:CF:ENABLED_S,1
1107,SR12C-DI-EBPM-05,y,5:SA:Y,,SR12C-DI-EBPM-05:CF:ENABLED_S,1
1109,SR-PC-DIPOL-01,b0,1:I,1:SETI,,
1112,SR12A-PC-S2D-06,b2,6:I,6:SETI,,
1112,SR12A-PC-HSTR-06,b0,6:I,6:SETI,,
1112,SR12A-PC-VSTR-06,a0,6:I,6:SETI,,
1115,SR12A-PC-Q3D-08,b1,8:I,8:SETI,,
1117,SR12C-DI-EBPM-06,x,6:SA:X,,SR12C-DI-EBPM-06:CF:ENABLED_S,1
1117,SR12C-DI-EBPM-06,y,6:SA:Y,,SR12C-DI-EBPM-06:CF:ENABLED_S,1
1119,SR12A-PC-Q2D-09,b1,9:I,9:SETI,,
1122,SR12A-PC-S1D-07,b2,7:I,7:SETI,,
1122,SR12A-PC-HSTR-07,b0,7:I,7:SETI,,
1122,SR12A-PC-VSTR-07,a0,7:I,7:SETI,,
1125,SR12A-PC-Q1D-10,b1,0:I,0:SETI,,
1127,SR12A-PC-QUADF-01,b1,1:I,1:SETI,,
1133,SR12C-DI-EBPM-07,x,7:SA:X,,SR12C-DI-EBPM-07:CF:ENABLED_S,1
1133,SR12C-DI-EBPM-07,y,7:SA:Y,,SR12C-DI-EBPM-07:CF:ENABLED_S,1
1145,SR13S-DI-EBPM-01,x,1:SA:X,,SR13S-DI-EBPM-01:CF:ENABLED_S,1
1145,SR13S-DI-EBPM-01,y,1:SA:Y,,SR13S-DI-EBPM-01:CF:ENABLED_S,1
1146,SR13S-PC-HSTR-01,b0,1:I,1:SETI,,
1146,SR13S-PC-VSTR-01,a0,1:I,1:SETI,,
1152,SR13S-PC-QUADD-02,b1,2:I,2:SETI,,
1154,SR13S-PC-QUADF-03,b1,3:I,3:SETI,,
1156,SR13S-DI-EBPM-02,x,2:SA:X,,SR13S-DI-EBPM-02:CF:ENABLED_S,1
1156,SR13S-DI-EBPM-02,y,2:SA:Y,,SR13S-DI-EBPM-02:CF:ENABLED_S,1
1157,SR13S-PC-HSTR-02,b0,2:I,2:SETI,,
1157,SR13S-PC-VSTR-02,a0,2:I,2:SETI,,
1169,SR13C-DI-EBPM-01,x,1:SA:X,,SR13C-DI-EBPM-01:CF:ENABLED_S,1
1169,SR13C-DI-EBPM-01,y,1:SA:Y,,SR13C-DI-EBPM-01:CF:ENABLED_S,1
1175,SR13A-PC-QUADF-04,b1,4:I,4:SETI,,
1177,SR13A-PC-Q1D-01,b1,1:I,1:SETI,,
1180,SR13A-PC-S1D-01,b2,1:I,1:SETI,,
1180,SR13A-PC-HSTR-01,b0,1:I,1:SETI,,
1180,SR13A-PC-VSTR-01,a0,1:I,1:SETI,,
1183,SR13A-PC-Q2D-02,b1,2:I,2:SETI,,
1185,SR13A-PC-Q3D-03,b1,3:I,3:SETI,,
1188,SR13A-PC-S2D-02,b2,2:I,2:SETI,,
1188,SR13A-PC-HSTR-02,b0,2:I,2:SETI,,
1188,SR13A-PC-VSTR-02,a0,2:I,2:SETI,,
1191,SR13C-DI-EBPM-02,x,2:SA:X,,SR13C-DI-EBPM-02:CF:ENABLED_S,1
1191,SR13C-DI-EBPM-02,y,2:SA:Y,,SR13C-DI-EBPM-02:CF:ENABLED_S,1
1193,SR-PC-DIPOL-01,b0,1:I,1:SETI,,
1195,SR13A-PC-Q2AD-04,b1,4:I,4:SETI,,
1197,SR13C-DI-EBPM-03,x,3:SA:X,,SR13C-DI-EBPM-03:CF:ENABLED_S,1
1197,SR13C-DI-EBPM-03,y,3:SA:Y,,SR13C-DI-EBPM-03:CF:ENABLED_S,1
1200,SR13A-PC-S2A-03,b2,3:I,3:SETI,,
1200,SR13A-PC-HSTR-03,b0,3:I,3:SETI,,
1200,SR13A-PC-VSTR-03,a0,3:I,3:SETI,,
1203,SR13A-PC-Q1AD-05,b1,5:I,5:SETI,,
1205,SR13C-DI-EBPM-04,x,4:SA:X,,SR13C-DI-EBPM-04:CF:ENABLED_S,1
1205,SR13C-DI-EBPM-04,y,4:SA:Y,,SR13C-DI-EBPM-04:CF:ENABLED_S,1
1208,SR13A-PC-S1A-04,b2,4:I,4:SETI,,
1208,SR13A-PC-HSTR-04,b0,4:I,4:SETI,,
1208,SR13A-PC-VSTR-04,a0,4:I,4:SETI,,
1211,SR13A-PC-Q1AB-06,b1,6:I,6:SETI,,
1214,SR13A-PC-S2A-05,b2,5:I,5:SETI,,
1214,SR13A-PC-HSTR-05,b0,5:I,5:SETI,,
1214,SR13A-PC-VSTR-05,a0,5:I,5:SETI,,
1217,SR13A-PC-Q2AB-07,b1,7:I,7:SETI,,
1219,SR13C-DI-EBPM-05,x,5:SA:X,,SR13C-DI-EBPM-05:CF:ENABLED_S,1
1219,SR13C-DI-EBPM-05,y,5:SA:Y,,SR13C-DI-EBPM-05:CF:ENABLED_S,1
1221,SR-PC-DIPOL-01,b0,1:I,1:SETI,,
1224,SR13A-PC-S2C-06,b2,6:I,6:SETI,,
1224,SR13A-PC-HSTR-06,b0,6:I,6:SETI,,
1224,SR13A-PC-VSTR-06,a0,6:I,6:SETI,,
1227,SR13A-PC-Q3B-08,b1,8:I,8:SETI,,
1229,SR13C-DI-EBPM-06,x,6:SA:X,,SR13C-DI-EBPM-06:CF:ENABLED_S,1
1229,SR13C-DI-EBPM-06,y,6:SA:Y,,SR13C-DI-EBPM-06:CF:ENABLED_S,1
1231,SR13A-PC-Q2B-09,b1,9:I,9:SETI,,
1234,SR13A-PC-S1C-07,b2,7:I,7:SETI,,
1234,SR13A-PC-HSTR-07,b0,7:I,7:SETI,,
1234,SR13A-PC-VSTR-07,a0,7:I,7:SETI,,
1237,SR13A-PC-Q1B-10,b1,0:I,0:SETI,,
1239,SR13C-DI-EBPM-07,x,7:SA:X,,SR13C-DI-EBPM-07:CF:ENABLED_S,1
1239,SR13C-DI-EBPM-07,y,7:SA:Y,,SR13C-DI-EBPM-07:CF:ENABLED_S,1
1253,SR14C-DI-EBPM-01,x,1:SA:X,,SR14C-DI-EBPM-01:CF:ENABLED_S,1
1253,SR14C-DI-EBPM-01,y,1:SA:Y,,SR14C-DI-EBPM-01:CF:ENABLED_S,1
1255,SR14A-PC-Q1B-01,b1,1:I,1:SETI,,
1258,SR14A-PC-S1B-01,b2,1:I,1:SETI,,
1258,SR14A-PC-HSTR-01,b0,1:I,1:SETI,,
1258,SR14A-PC-VSTR-01,a0,1:I,1:SETI,,
1261,SR14A-PC-Q2B-02,b1,2:I,2:SETI,,
1263,SR14A-PC-Q3B-03,b1,3:I,3:SETI,,
1266,SR14A-PC-S2B-02,b2,2:I,2:SETI,,
1266,SR14A-PC-HSTR-02,b0,2:I,2:SETI,,
1266,SR14A-PC-VSTR-02,a0,2:I,2:SETI,,
1269,SR14C-DI-EBPM-02,x,2:SA:X,,SR14C-DI-EBPM-02:CF:ENABLED_S,1
1269,SR14C-DI-EBPM-02,y,2:SA:Y,,SR14C-DI-EBPM-02:CF:ENABLED_S,1
1271,SR-PC-DIPOL-01,b0,1:I,1:SETI,,
1273,SR14A-PC-Q2AB-04,b1,4:I,4:SETI,,
1275,SR14C-DI-EBPM-03,x,3:SA:X,,SR14C-DI-EBPM-03:CF:ENABLED_S,1
1275,SR14C-DI-EBPM-03,y,3:SA:Y,,SR14C-DI-EBPM-03:CF:ENABLED_S,1
1278,SR14A-PC-S2A-03,b2,3:I,3:SETI,,
1278,SR14A-PC-HSTR-03,b0,3:I,3:SETI,,
1278,SR14A-PC-VSTR-03,a0,3:I,3:SETI,,
1281,SR14A-PC-Q1AB-05,b1,5:I,5:SETI,,
1283,SR14C-DI-EBPM-04,x,4:SA:X,,SR14C-DI-EBPM-04:CF:ENABLED_S,1
1283,SR14C-DI-EBPM-04,y,4:SA:Y,,SR14C-DI-EBPM-04:CF:ENABLED_S,1
1286,SR14A-PC-S1A-04,b2,4:I,4:SETI,,
1286,SR14A-PC-HSTR-04,b0,4:I,4:SETI,,
1286,SR14A-PC-VSTR-04,a0,4:I,4:SETI,,
1289,SR14A-PC-Q1AB-06,b1,6:I,6:SETI,,
1292,SR14A-PC-S2A-05,b2,5:I,5:SETI,,
1292,SR14A-PC-HSTR-05,b0,5:I,5:SETI,,
1292,SR14A-PC-VSTR-05,a0,5:I,5:SETI,,
1295,SR14A-PC-Q2AB-07,b1,7:I,7:SETI,,
1297,SR14C-DI-EBPM-05,x,5:SA:X,,SR14C-DI-EBPM-05:CF:ENABLED_S,1
1297,SR14C-DI-EBPM-05,y,5:SA:Y,,SR14C-DI-EBPM-05:CF:ENABLED_S,1
1299,SR-PC-DIPOL-01,b0,1:I,1:SETI,,
1302,SR14A-PC-S2B-06,b2,6:I,6:SETI,,
1302,SR14A-PC-HSTR-06,b0,6:I,6:SETI,,
1302,SR14A-PC-VSTR-06,a0,6:I,6:SETI,,
1305,SR14A-PC-Q3B-08,b1,8:I,8:SETI,,
1307,SR14C-DI-EBPM-06,x,6:SA:X,,SR14C-DI-EBPM-06:CF:ENABLED_S,1
1307,SR14C-DI-EBPM-06,y,6:SA:Y,,SR14C-DI-EBPM-06:CF:ENABLED_S,1
1309,SR14A-PC-Q2B-09,b1,9:I,9:SETI,,
1312,SR14A-PC-S1B-07,b2,7:I,7:SETI,,
1312,SR14A-PC-HSTR-07,b0,7:I,7:SETI,,
1312,SR14A-PC-VSTR-07,a0,7:I,7:SETI,,
1315,SR14A-PC-Q1B-10,b1,0:I,0:SETI,,
1317,SR14C-DI-EBPM-07,x,7:SA:X,,SR14C-DI-EBPM-07:CF:ENABLED_S,1
1317,SR14C-DI-EBPM-07,y,7:SA:Y,,SR14C-DI-EBPM-07:CF:ENABLED_S,1
1331,SR15C-DI-EBPM-01,x,1:SA:X,,SR15C-DI-EBPM-01:CF:ENABLED_S,1
1331,SR15C-DI-EBPM-01,y,1:SA:Y,,SR15C-DI-EBPM-01:CF:ENABLED_S,1
1333,SR15A-PC-Q1B-01,b1,1:I,1:SETI,,
1336,SR15A-PC-S1B-01,b2,1:I,1:SETI,,
1336,SR15A-PC-HSTR-01,b0,1:I,1:SETI,,
1336,SR15A-PC-VSTR-01,a0,1:I,1:SETI,,
1339,SR15A-PC-Q2B-02,b1,2:I,2:SETI,,
1341,SR15A-PC-Q3B-03,b1,3:I,3:SETI,,
1344,SR15A-PC-S2B-02,b2,2:I,2:SETI,,
1344,SR15A-PC-HSTR-02,b0,2:I,2:SETI,,
1344,SR15A-PC-VSTR-02,a0,2:I,2:SETI,,
1347,SR15C-DI-EBPM-02,x,2:SA:X,,SR15C-DI-EBPM-02:CF:ENABLED_S,1
1347,SR15C-DI-EBPM-02,y,2:SA:Y,,SR15C-DI-EBPM-02:CF:ENABLED_S,1
1349,SR-PC-DIPOL-01,b0,1:I,1:SETI,,
1351,SR15A-PC-Q2AB-04,b1,4:I,4:SETI,,
1353,SR15C-DI-EBPM-03,x,3:SA:X,,SR15C-DI-EBPM-03:CF:ENABLED_S,1
1353,SR15C-DI-EBPM-03,y,3:SA:Y,,SR15C-DI-EBPM-03:CF:ENABLED_S,1
1356,SR15A-PC-S2A-03,b2,3:I,3:SETI,,
1356,SR15A-PC-HSTR-03,b0,3:I,3:SETI,,
1356,SR15A-PC-VSTR-03,a0,3:I,3:SETI,,
1359,SR15A-PC-Q1AB-05,b1,5:I,5:SETI,,
1361,SR15C-DI-EBPM-04,x,4:SA:X,,SR15C-DI-EBPM-04:CF:ENABLED_S,1
1361,SR15C-DI-EBPM-04,y,4:SA:Y,,SR15C-DI-EBPM-04:CF:ENABLED_S,1
1364,SR15A-PC-S1A-04,b2,4:I,4:SETI,,
1364,SR15A-PC-HSTR-04,b0,4:I,4:SETI,,
1364,SR15A-PC-VSTR-04,a0,4:I,4:SETI,,
1367,SR15A-PC-Q1AB-06,b1,6:I,6:SETI,,
1370,SR15A-PC-S2A-05,b2,5:I,5:SETI,,
1370,SR15A-PC-HSTR-05,b0,5:I,5:SETI,,
1370,SR15A-PC-VSTR-05,a0,5:I,5:SETI,,
1373,SR15A-PC-Q2AB-07,b1,7:I,7:SETI,,
1375,SR15C-DI-EBPM-05,x,5:SA:X,,SR15C-DI-EBPM-05:CF:ENABLED_S,1
1375,SR15C-DI-EBPM-05,y,5:SA:Y,,SR15C-DI-EBPM-05:CF:ENABLED_S,1
1377,SR-PC-DIPOL-01,b0,1:I,1:SETI,,
1380,SR15A-PC-S2B-06,b2,6:I,6:SETI,,
1380,SR15A-PC-HSTR-06,b0,6:I,6:SETI,,
1380,SR15A-PC-VSTR-06,a0,6:I,6:SETI,,
1383,SR15A-PC-Q3B-08,b1,8:I,8:SETI,,
1385,SR15C-DI-EBPM-06,x,6:SA:X,,SR15C-DI-EBPM-06:CF:ENABLED_S,1
1385,SR15C-DI-EBPM-06,y,6:SA:Y,,SR15C-DI-EBPM-06:CF:ENABLED_S,1
1387,SR15A-PC-Q2B-09,b1,9:I,9:SETI,,
1390,SR15A-PC-S1B-07,b2,7:I,7:SETI,,
1390,SR15A-PC-HSTR-07,b0,7:I,7:SETI,,
1390,SR15A-PC-VSTR-07,a0,7:I,7:SETI,,
1393,SR15A-PC-Q1B-10,b1,0:I,0:SETI,,
1395,SR15C-DI-EBPM-07,x,7:SA:X,,SR15C-DI-EBPM-07:CF:ENABLED_S,1
1395,SR15C-DI-EBPM-07,y,7:SA:Y,,SR15C-DI-EBPM-07:CF:ENABLED_S,1
1411,SR16C-DI-EBPM-01,x,1:SA:X,,SR16C-DI-EBPM-01:CF:ENABLED_S,1
1411,SR16C-DI-EBPM-01,y,1:SA:Y,,SR16C-DI-EBPM-01:CF:ENABLED_S,1
1413,SR16A-PC-Q1B-01,b1,1:I,1:SETI,,
1416,SR16A-PC-S1C-01,b2,1:I,1:SETI,,
1416,SR16A-PC-HSTR-01,b0,1:I,1:SETI,,
1416,SR16A-PC-VSTR-01,a0,1:I,1:SETI,,
1419,SR16A-PC-Q2B-02,b1,2:I,2:SETI,,
1421,SR16A-PC-Q3B-03,b1,3:I,3:SETI,,
1424,SR16A-PC-S2C-02,b2,2:I,2:SETI,,
1424,SR16A-PC-HSTR-02,b0,2:I,2:SETI,,
1424,SR16A-PC-VSTR-02,a0,2:I,2:SETI,,
1427,SR16C-DI-EBPM-02,x,2:SA:X,,SR16C-DI-EBPM-02:CF:ENABLED_S,1
1427,SR16C-DI-EBPM-02,y,2:SA:Y,,SR16C-DI-EBPM-02:CF:ENABLED_S,1
1429,SR-PC-DIPOL-01,b0,1:I,1:SETI,,
1431,SR16A-PC-Q2AB-04,b1,4:I,4:SETI,,
1433,SR16C-DI-EBPM-03,x,3:SA:X,,SR16C-DI-EBPM-03:CF:ENABLED_S,1
1433,SR16C-DI-EBPM-03,y,3:SA:Y,,SR16C-DI-EBPM-03:CF:ENABLED_S,1
1436,SR16A-PC-S2A-03,b2,3:I,3:SETI,,
1436,SR16A-PC-HSTR-03,b0,3:I,3:SETI,,
1436,SR16A-PC-VSTR-03,a0,3:I,3:SETI,,
1439,SR16A-PC-Q1AB-05,b1,5:I,5:SETI,,
1441,SR16C-DI-EBPM-04,x,4:SA:X,,SR16C-DI-EBPM-04:CF:ENABLED_S,1
1441,SR16C-DI-EBPM-04,y,4:SA:Y,,SR16C-DI-EBPM-04:CF:ENABLED_S,1
1444,SR16A-PC-S1A-04,b2,4:I,4:SETI,,
1444,SR16A-PC-HSTR-04,b0,4:I,4:SETI,,
1444,SR16A-PC-VSTR-04,a0,4:I,4:SETI,,
1447,SR16A-PC-Q1AD-06,b1,6:I,6:SETI,,
1450,SR16A-PC-S2A-05,b2,5:I,5:SETI,,
1450,SR16A-PC-HSTR-05,b0,5:I,5:SETI,,
1450,SR16A-PC-VSTR-05,a0,5:I,5:SETI,,
1453,SR16A-PC-Q2AD-07,b1,7:I,7:SETI,,
1455,SR16C-DI-EBPM-05,x,5:SA:X,,SR16C-DI-EBPM-05:CF:ENABLED_S,1
1455,SR16C-DI-EBPM-05,y,5:SA:Y,,SR16C-DI-EBPM-05:CF:ENABLED_S,1
1458,SR-PC-DIPOL-01,b0,1:I,1:SETI,,
1461,SR16A-PC-S2D-06,b2,6:I,6:SETI,,
1461,SR16A-PC-HSTR-06,b0,6:I,6:SETI,,
1461,SR16A-PC-VSTR-06,a0,6:I,6:SETI,,
1464,SR16A-PC-Q3D-08,b1,8:I,8:SETI,,
1466,SR16C-DI-EBPM-06,x,6:SA:X,,SR16C-DI-EBPM-06:CF:ENABLED_S,1
1466,SR16C-DI-EBPM-06,y,6:SA:Y,,SR16C-DI-EBPM-06:CF:ENABLED_S,1
1468,SR16A-PC-Q2D-09,b1,9:I,9:SETI,,
1471,SR16A-PC-S1D-07,b2,7:I,7:SETI,,
1471,SR16A-PC-HSTR-07,b0,7:I,7:SETI,,
1471,SR16A-PC-VSTR-07,a0,7:I,7:SETI,,
1474,SR16A-PC-Q1D-10,b1,0:I,0:SETI,,
1476,SR16C-DI-EBPM-07,x,7:SA:X,,SR16C-DI-EBPM-07:CF:ENABLED_S,1
1476,SR16C-DI-EBPM-07,y,7:SA:Y,,SR16C-DI-EBPM-07:CF:ENABLED_S,1
1478,LI-RF-MOSC-01,f,1:FREQ,1:FREQ_SET,,
1481,SR17C-DI-EBPM-01,x,1:SA:X,,SR17C-DI-EBPM-01:CF:ENABLED_S,1
1481,SR17C-DI-EBPM-01,y,1:SA:Y,,SR17C-DI-EBPM-01:CF:ENABLED_S,1
1483,SR17A-PC-Q1D-01,b1,1:I,1:SETI,,
1486,SR17A-PC-S1D-01,b2,1:I,1:SETI,,
1486,SR17A-PC-HSTR-01,b0,1:I,1:SETI,,
1486,SR17A-PC-VSTR-01,a0,1:I,1:SETI,,
1489,SR17A-PC-Q2D-02,b1,2:I,2:SETI,,
1491,SR17A-PC-Q3D-03,b1,3:I,3:SETI,,
1494,SR17A-PC-S2D-02,b2,2:I,2:SETI,,
1494,SR17A-PC-HSTR-02,b0,2:I,2:SETI,,
1494,SR17A-PC-VSTR-02,a0,2:I,2:SETI,,
1497,SR17C-DI-EBPM-02,x,2:SA:X,,SR17C-DI-EBPM-02:CF:ENABLED_S,1
1497,SR17C-DI-EBPM-02,y,2:SA:Y,,SR17C-DI-EBPM-02:CF:ENABLED_S,1
1499,SR-PC-DIPOL-01,b0,1:I,1:SETI,,
1501,SR17A-PC-Q2AD-04,b1,4:I,4:SETI,,
1503,SR17C-DI-EBPM-03,x,3:SA:X,,SR17C-DI-EBPM-03:CF:ENABLED_S,1
1503,SR17C-DI-EBPM-03,y,3:SA:Y,,SR17C-DI-EBPM-03:CF:ENABLED_S,1
1506,SR17A-PC-S2A-03,b2,3:I,3:SETI,,
1506,SR17A-PC-HSTR-03,b0,3:I,3:SETI,,
1506,SR17A-PC-VSTR-03,a0,3:I,3:SETI,,
1509,SR17A-PC-Q1AD-05,b1,5:I,5:SETI,,
1511,SR17C-DI-EBPM-04,x,4:SA:X,,SR17C-DI-EBPM-04:CF:ENABLED_S,1
1511,SR17C-DI-EBPM-04,y,4:SA:Y,,SR17C-DI-EBPM-04:CF:ENABLED_S,1
1514,SR17A-PC-S1A-04,b2,4:I,4:SETI,,
1514,SR17A-PC-HSTR-04,b0,4:I,4:SETI,,
1514,SR17A-PC-VSTR-04,a0,4:I,4:SETI,,
1517,SR17A-PC-Q1AB-06,b1,6:I,6:SETI,,
1520,SR17A-PC-S2A-05,b2,5:I,5:SETI,,
1520,SR17A-PC-HSTR-05,b0,5:I,5:SETI,,
1520,SR17A-PC-VSTR-05,a0,5:I,5:SETI,,
1523,SR17A-PC-Q2AB-07,b1,7:I,7:SETI,,
1525,SR17C-DI-EBPM-05,x,5:SA:X,,SR17C-DI-EBPM-05:CF:ENABLED_S,1
1525,SR17C-DI-EBPM-05,y,5:SA:Y,,SR17C-DI-EBPM-05:CF:ENABLED_S,1
1527,SR-PC-DIPOL-01,b0,1:I,1:SETI,,
1530,SR17A-PC-S2C-06,b2,6:I,6:SETI,,
1530,SR17A-PC-HSTR-06,b0,6:I,6:SETI,,
1530,SR17A-PC-VSTR-06,a0,6:I,6:SETI,,
1533,SR17A-PC-Q3B-08,b1,8:I,8:SETI,,
1535,SR17C-DI-EBPM-06,x,6:SA:X,,SR17C-DI-EBPM-06:CF:ENABLED_S,1
1535,SR17C-DI-EBPM-06,y,6:SA:Y,,SR17C-DI-EBPM-06:CF:ENABLED_S,1
1537,SR17A-PC-Q2B-09,b1,9:I,9:SETI,,
1540,SR17A-PC-S1C-07,b2,7:I,7:SETI,,
1540,SR17A-PC-HSTR-07,b0,7:I,7:SETI,,
1540,SR17A-PC-VSTR-07,a0,7:I,7:SETI,,
1543,SR17A-PC-Q1B-10,b1,0:I,0:SETI,,
1545,SR17C-DI-EBPM-07,x,7:SA:X,,SR17C-DI-EBPM-07:CF:ENABLED_S,1
1545,SR17C-DI-EBPM-07,y,7:SA:Y,,SR17C-DI-EBPM-07:CF:ENABLED_S,1
1561,SR18C-DI-EBPM-01,x,1:SA:X,,SR18C-DI-EBPM-01:CF:ENABLED_S,1
1561,SR18C-DI-EBPM-01,y,1:SA:Y,,SR18C-DI-EBPM-01:CF:ENABLED_S,1
1563,SR18A-PC-Q1B-01,b1,1:I,1:SETI,,
1566,SR18A-PC-S1B-01,b2,1:I,1:SETI,,
1566,SR18A-PC-HSTR-01,b0,1:I,1:SETI,,
1566,SR18A-PC-VSTR-01,a0,1:I,1:SETI,,
1569,SR18A-PC-Q2B-02,b1,2:I,2:SETI,,
1571,SR18A-PC-Q3B-03,b1,3:I,3:SETI,,
1574,SR18A-PC-S2B-02,b2,2:I,2:SETI,,
1574,SR18A-PC-HSTR-02,b0,2:I,2:SETI,,
1574,SR18A-PC-VSTR-02,a0,2:I,2:SETI,,
1577,SR18C-DI-EBPM-02,x,2:SA:X,,SR18C-DI-EBPM-02:CF:ENABLED_S,1
1577,SR18C-DI-EBPM-02,y,2:SA:Y,,SR18C-DI-EBPM-02:CF:ENABLED_S,1
1579,SR-PC-DIPOL-01,b0,1:I,1:SETI,,
1581,SR18A-PC-Q2AB-04,b1,4:I,4:SETI,,
1583,SR18C-DI-EBPM-03,x,3:SA:X,,SR18C-DI-EBPM-03:CF:ENABLED_S,1
1583,SR18C-DI-EBPM-03,y,3:SA:Y,,SR18C-DI-EBPM-03:CF:ENABLED_S,1
1586,SR18A-PC-S2A-03,b2,3:I,3:SETI,,
1586,SR18A-PC-HSTR-03,b0,3:I,3:SETI,,
1586,SR18A-PC-VSTR-03,a0,3:I,3:SETI,,
1589,SR18A-PC-Q1AB-05,b1,5:I,5:SETI,,
1591,SR18C-DI-EBPM-04,x,4:SA:X,,SR18C-DI-EBPM-04:CF:ENABLED_S,1
1591,SR18C-DI-EBPM-04,y,4:SA:Y,,SR18C-DI-EBPM-04:CF:ENABLED_S,1
1594,SR18A-PC-S1A-04,b2,4:I,4:SETI,,
1594,SR18A-PC-HSTR-04,b0,4:I,4:SETI,,
1594,SR18A-PC-VSTR-04,a0,4:I,4:SETI,,
1597,SR18A-PC-Q1AB-06,b1,6:I,6:SETI,,
1600,SR18A-PC-S2A-05,b2,5:I,5:SETI,,
1600,SR18A-PC-HSTR-05,b0,5:I,5:SETI,,
1600,SR18A-PC-VSTR-05,a0,5:I,5:SETI,,
1603,SR18A-PC-Q2AB-07,b1,7:I,7:SETI,,
1605,SR18C-DI-EBPM-05,x,5:SA:X,,SR18C-DI-EBPM-05:CF:ENABLED_S,1
1605,SR18C-DI-EBPM-05,y,5:SA:Y,,SR18C-DI-EBPM-05:CF:ENABLED_S,1
1608,SR-PC-DIPOL-01,b0,1:I,1:SETI,,
1611,SR18A-PC-S2B-06,b2,6:I,6:SETI,,
1611,SR18A-PC-HSTR-06,b0,6:I,6:SETI,,
1611,SR18A-PC-VSTR-06,a0,6:I,6:SETI,,
1614,SR18A-PC-Q3B-08,b1,8:I,8:SETI,,
1616,SR18C-DI-EBPM-06,x,6:SA:X,,SR18C-DI-EBPM-06:CF:ENABLED_S,1
1616,SR18C-DI-EBPM-06,y,6:SA:Y,,SR18C-DI-EBPM-06:CF:ENABLED_S,1
1618,SR18A-PC-Q2B-09,b1,9:I,9:SETI,,
1621,SR18A-PC-S1B-07,b2,7:I,7:SETI,,
1621,SR18A-PC-HSTR-07,b0,7:I,7:SETI,,
1621,SR18A-PC-VSTR-07,a0,7:I,7:SETI,,
1624,SR18A-PC-Q1B-10,b1,0:I,0:SETI,,
1626,SR18C-DI-EBPM-07,x,7:SA:X,,SR18C-DI-EBPM-07:CF:ENABLED_S,1
1626,SR18C-DI-EBPM-07,y,7:SA:Y,,SR18C-DI-EBPM-07:CF:ENABLED_S,1
1640,SR19C-DI-EBPM-01,x,1:SA:X,,SR19C-DI-EBPM-01:CF:ENABLED_S,1
1640,SR19C-DI-EBPM-01,y,1:SA:Y,,SR19C-DI-EBPM-01:CF:ENABLED_S,1
1642,SR19A-PC-Q1B-01,b1,1:I,1:SETI,,
1645,SR19A-PC-S1B-01,b2,1:I,1:SETI,,
1645,SR19A-PC-HSTR-01,b0,1:I,1:SETI,,
1645,SR19A-PC-VSTR-01,a0,1:I,1:SETI,,
1648,SR19A-PC-Q2B-02,b1,2:I,2:SETI,,
1650,SR19A-PC-Q3B-03,b1,3:I,3:SETI,,
1653,SR19A-PC-S2B-02,b2,2:I,2:SETI,,
1653,SR19A-PC-HSTR-02,b0,2:I,2:SETI,,
1653,SR19A-PC-VSTR-02,a0,2:I,2:SETI,,
1656,SR19C-DI-EBPM-02,x,2:SA:X,,SR19C-DI-EBPM-02:CF:ENABLED_S,1
1656,SR19C-DI-EBPM-02,y,2:SA:Y,,SR19C-DI-EBPM-02:CF:ENABLED_S,1
1658,SR-PC-DIPOL-01,b0,1:I,1:SETI,,
1660,SR19A-PC-Q2AB-04,b1,4:I,4:SETI,,
1662,SR19C-DI-EBPM-03,x,3:SA:X,,SR19C-DI-EBPM-03:CF:ENABLED_S,1
1662,SR19C-DI-EBPM-03,y,3:SA:Y,,SR19C-DI-EBPM-03:CF:ENABLED_S,1
1665,SR19A-PC-S2A-03,b2,3:I,3:SETI,,
1665,SR19A-PC-HSTR-03,b0,3:I,3:SETI,,
1665,SR19A-PC-VSTR-03,a0,3:I,3:SETI,,
1668,SR19A-PC-Q1AB-05,b1,5:I,5:SETI,,
1670,SR19C-DI-EBPM-04,x,4:SA:X,,SR19C-DI-EBPM-04:CF:ENABLED_S,1
1670,SR19C-DI-EBPM-04,y,4:SA:Y,,SR19C-DI-EBPM-04:CF:ENABLED_S,1
1673,SR19A-PC-S1A-04,b2,4:I,4:SETI,,
1673,SR19A-PC-HSTR-04,b0,4:I,4:SETI,,
1673,SR19A-PC-VSTR-04,a0,4:I,4:SETI,,
1676,SR19A-PC-Q1AB-06,b1,6:I,6:SETI,,
1679,SR19A-PC-S2A-05,b2,5:I,5:SETI,,
1679,SR19A-PC-HSTR-05,b0,5:I,5:SETI,,
1679,SR19A-PC-VSTR-05,a0,5:I,5:SETI,,
1682,SR19A-PC-Q2AB-07,b1,7:I,7:SETI,,
1684,SR19C-DI-EBPM-05,x,5:SA:X,,SR19C-DI-EBPM-05:CF:ENABLED_S,1
1684,SR19C-DI-EBPM-05,y,5:SA:Y,,SR19C-DI-EBPM-05:CF:ENABLED_S,1
1686,SR-PC-DIPOL-01,b0,1:I,1:SETI,,
1689,SR19A-PC-S2B-06,b2,6:I,6:SETI,,
1689,SR19A-PC-HSTR-06,b0,6:I,6:SETI,,
1689,SR19A-PC-VSTR-06,a0,6:I,6:SETI,,
1692,SR19A-PC-Q3B-08,b1,8:I,8:SETI,,
1694,SR19C-DI-EBPM-06,x,6:SA:X,,SR19C-DI-EBPM-06:CF:ENABLED_S,1
1694,SR19C-DI-EBPM-06,y,6:SA:Y,,SR19C-DI-EBPM-06:CF:ENABLED_S,1
1696,SR19A-PC-Q2B-09,b1,9:I,9:SETI,,
1699,SR19A-PC-S1B-07,b2,7:I,7:SETI,,
1699,SR19A-PC-HSTR-07,b0,7:I,7:SETI,,
1699,SR19A-PC-VSTR-07,a0,7:I,7:SETI,,
1702,SR19A-PC-Q1B-10,b1,0:I,0:SETI,,
1704,SR19C-DI-EBPM-07,x,7:SA:X,,SR19C-DI-EBPM-07:CF:ENABLED_S,1
1704,SR19C-DI-EBPM-07,y,7:SA:Y,,SR19C-DI-EBPM-07:CF:ENABLED_S,1
1748,SR20C-DI-EBPM-01,x,1:SA:X,,SR20C-DI-EBPM-01:CF:ENABLED_S,1
1748,SR20C-DI-EBPM-01,y,1:SA:Y,,SR20C-DI-EBPM-01:CF:ENABLED_S,1
1751,SR20A-PC-Q1B-01,b1,1:I,1:SETI,,
1754,SR20A-PC-S1C-01,b2,1:I,1:SETI,,
1754,SR20A-PC-HSTR-01,b0,1:I,1:SETI,,
1754,SR20A-PC-VSTR-01,a0,1:I,1:SETI,,
1757,SR20A-PC-Q2B-02,b1,2:I,2:SETI,,
1759,SR20A-PC-Q3B-03,b1,3:I,3:SETI,,
1762,SR20A-PC-S2C-02,b2,2:I,2:SETI,,
1762,SR20A-PC-HSTR-02,b0,2:I,2:SETI,,
1762,SR20A-PC-VSTR-02,a0,2:I,2:SETI,,
1765,SR20C-DI-EBPM-02,x,2:SA:X,,SR20C-DI-EBPM-02:CF:ENABLED_S,1
1765,SR20C-DI-EBPM-02,y,2:SA:Y,,SR20C-DI-EBPM-02:CF:ENABLED_S,1
1767,SR-PC-DIPOL-01,b0,1:I,1:SETI,,
1769,SR20A-PC-Q2AB-04,b1,4:I,4:SETI,,
1771,SR20C-DI-EBPM-03,x,3:SA:X,,SR20C-DI-EBPM-03:CF:ENABLED_S,1
1771,SR20C-DI-EBPM-03,y,3:SA:Y,,SR20C-DI-EBPM-03:CF:ENABLED_S,1
1774,SR20A-PC-S2A-03,b2,3:I,3:SETI,,
1774,SR20A-PC-HSTR-03,b0,3:I,3:SETI,,
1774,SR20A-PC-VSTR-03,a0,3:I,3:SETI,,
1777,SR20A-PC-Q1AB-05,b1,5:I,5:SETI,,
1779,SR20C-DI-EBPM-04,x,4:SA:X,,SR20C-DI-EBPM-04:CF:ENABLED_S,1
1779,SR20C-DI-EBPM-04,y,4:SA:Y,,SR20C-DI-EBPM-04:CF:ENABLED_S,1
1782,SR20A-PC-S1A-04,b2,4:I,4:SETI,,
1782,SR20A-PC-HSTR-04,b0,4:I,4:SETI,,
1782,SR20A-PC-VSTR-04,a0,4:I,4:SETI,,
1785,SR20A-PC-Q1AD-06,b1,6:I,6:SETI,,
1788,SR20A-PC-S2A-05,b2,5:I,5:SETI,,
1788,SR20A-PC-HSTR-05,b0,5:I,5:SETI,,
1788,SR20A-PC-VSTR-05,a0,5:I,5:SETI,,
1791,SR20A-PC-Q2AD-07,b1,7:I,7:SETI,,
1793,SR20C-DI-EBPM-05,x,5:SA:X,,SR20C-DI-EBPM-05:CF:ENABLED_S,1
1793,SR20C-DI-EBPM-05,y,5:SA:Y,,SR20C-DI-EBPM-05:CF:ENABLED_S,1
1795,SR-PC-DIPOL-01,b0,1:I,1:SETI,,
1798,SR20A-PC-S2D-06,b2,6:I,6:SETI,,
1798,SR20A-PC-HSTR-06,b0,6:I,6:SETI,,
1798,SR20A-PC-VSTR-06,a0,6:I,6:SETI,,
1801,SR20A-PC-Q3D-08,b1,8:I,8:SETI,,
1803,SR20C-DI-EBPM-06,x,6:SA:X,,SR20C-DI-EBPM-06:CF:ENABLED_S,1
1803,SR20C-DI-EBPM-06,y,6:SA:Y,,SR20C-DI-EBPM-06:CF:ENABLED_S,1
1805,SR20A-PC-Q2D-09,b1,9:I,9:SETI,,
1808,SR20A-PC-S1D-07,b2,7:I,7:SETI,,
1808,SR20A-PC-HSTR-07,b0,7:I,7:SETI,,
1808,SR20A-PC-VSTR-07,a0,7:I,7:SETI,,
1811,SR20A-PC-Q1D-10,b1,0:I,0:SETI,,
1813,SR20C-DI-EBPM-07,x,7:SA:X,,SR20C-DI-EBPM-07:CF:ENABLED_S,1
1813,SR20C-DI-EBPM-07,y,7:SA:Y,,SR20C-DI-EBPM-07:CF:ENABLED_S,1
1827,SR21C-DI-EBPM-01,x,1:SA:X,,SR21C-DI-EBPM-01:CF:ENABLED_S,1
1827,SR21C-DI-EBPM-01,y,1:SA:Y,,SR21C-DI-EBPM-01:CF:ENABLED_S,1
1829,SR21A-PC-Q1D-01,b1,1:I,1:SETI,,
1832,SR21A-PC-S1D-01,b2,1:I,1:SETI,,
1832,SR21A-PC-HSTR-01,b0,1:I,1:SETI,,
1832,SR21A-PC-VSTR-01,a0,1:I,1:SETI,,
1835,SR21A-PC-Q2D-02,b1,2:I,2:SETI,,
1837,SR21A-PC-Q3D-03,b1,3:I,3:SETI,,
1840,SR21A-PC-S2D-02,b2,2:I,2:SETI,,
1840,SR21A-PC-HSTR-02,b0,2:I,2:SETI,,
1840,SR21A-PC-VSTR-02,a0,2:I,2:SETI,,
1843,SR21C-DI-EBPM-02,x,2:SA:X,,SR21C-DI-EBPM-02:CF:ENABLED_S,1
1843,SR21C-DI-EBPM-02,y,2:SA:Y,,SR21C-DI-EBPM-02:CF:ENABLED_S,1
1845,SR-PC-DIPOL-01,b0,1:I,1:SETI,,
1847,SR21A-PC-Q2AD-04,b1,4:I,4:SETI,,
1849,SR21C-DI-EBPM-03,x,3:SA:X,,SR21C-DI-EBPM-03:CF:ENABLED_S,1
1849,SR21C-DI-EBPM-03,y,3:SA:Y,,SR21C-DI-EBPM-03:CF:ENABLED_S,1
1852,SR21A-PC-S2A-03,b2,3:I,3:SETI,,
1852,SR21A-PC-HSTR-03,b0,3:I,3:SETI,,
1852,SR21A-PC-VSTR-03,a0,3:I,3:SETI,,
1855,SR21A-PC-Q1AD-05,b1,5:I,5:SETI,,
1857,SR21C-DI-EBPM-04,x,4:SA:X,,SR21C-DI-EBPM-04:CF:ENABLED_S,1
1857,SR21C-DI-EBPM-04,y,4:SA:Y,,SR21C-DI-EBPM-04:CF:ENABLED_S,1
1860,SR21A-PC-S1A-04,b2,4:I,4:SETI,,
1860,SR21A-PC-HSTR-04,b0,4:I,4:SETI,,
1860,SR21A-PC-VSTR-04,a0,4:I,4:SETI,,
1863,SR21A-PC-Q1AB-06,b1,6:I,6:SETI,,
1866,SR21A-PC-S2A-05,b2,5:I,5:SETI,,
1866,SR21A-PC-HSTR-05,b0,5:I,5:SETI,,
1866,SR21A-PC-VSTR-05,a0,5:I,5:SETI,,
1869,SR21A-PC-Q2AB-07,b1,7:I,7:SETI,,
1871,SR21C-DI-EBPM-05,x,5:SA:X,,SR21C-DI-EBPM-05:CF:ENABLED_S,1
1871,SR21C-DI-EBPM-05,y,5:SA:Y,,SR21C-DI-EBPM-05:CF:ENABLED_S,1
1874,SR-PC-DIPOL-01,b0,1:I,1:SETI,,
1877,SR21A-PC-S2C-06,b2,6:I,6:SETI,,
1877,SR21A-PC-HSTR-06,b0,6:I,6:SETI,,
1877,SR21A-PC-VSTR-06,a0,6:I,6:SETI,,
1880,SR21A-PC-Q3B-08,b1,8:I,8:SETI,,
1882,SR21C-DI-EBPM-06,x,6:SA:X,,SR21C-DI-EBPM-06:CF:ENABLED_S,1
1882,SR21C-DI-EBPM-06,y,6:SA:Y,,SR21C-DI-EBPM-06:CF:ENABLED_S,1
1884,SR21A-PC-Q2B-09,b1,9:I,9:SETI,,
1887,SR21A-PC-S1C-07,b2,7:I,7:SETI,,
1887,SR21A-PC-HSTR-07,b0,7:I,7:SETI,,
1887,SR21A-PC-VSTR-07,a0,7:I,7:SETI,,
1890,SR21A-PC-Q1B-10,b1,0:I,0:SETI,,
1892,SR21C-DI-EBPM-07,x,7:SA:X,,SR21C-DI-EBPM-07:CF:ENABLED_S,1
1892,SR21C-DI-EBPM-07,y,7:SA:Y,,SR21C-DI-EBPM-07:CF:ENABLED_S,1
1906,SR22C-DI-EBPM-01,x,1:SA:X,,SR22C-DI-EBPM-01:CF:ENABLED_S,1
1906,SR22C-DI-EBPM-01,y,1:SA:Y,,SR22C-DI-EBPM-01:CF:ENABLED_S,1
1908,SR22A-PC-Q1B-01,b1,1:I,1:SETI,,
1911,SR22A-PC-S1B-01,b2,1:I,1:SETI,,
1911,SR22A-PC-HSTR-01,b0,1:I,1:SETI,,
1911,SR22A-PC-VSTR-01,a0,1:I,1:SETI,,
1914,SR22A-PC-Q2B-02,b1,2:I,2:SETI,,
1916,SR22A-PC-Q3B-03,b1,3:I,3:SETI,,
1919,SR22A-PC-S2B-02,b2,2:I,2:SETI,,
1919,SR22A-PC-HSTR-02,b0,2:I,2:SETI,,
1919,SR22A-PC-VSTR-02,a0,2:I,2:SETI,,
1922,SR22C-DI-EBPM-02,x,2:SA:X,,SR22C-DI-EBPM-02:CF:ENABLED_S,1
1922,SR22C-DI-EBPM-02,y,2:SA:Y,,SR22C-DI-EBPM-02:CF:ENABLED_S,1
1924,SR-PC-DIPOL-01,b0,1:I,1:SETI,,
1926,SR22A-PC-Q2AB-04,b1,4:I,4:SETI,,
1928,SR22C-DI-EBPM-03,x,3:SA:X,,SR22C-DI-EBPM-03:CF:ENABLED_S,1
1928,SR22C-DI-EBPM-03,y,3:SA:Y,,SR22C-DI-EBPM-03:CF:ENABLED_S,1
1931,SR22A-PC-S2A-03,b2,3:I,3:SETI,,
1931,SR22A-PC-HSTR-03,b0,3:I,3:SETI,,
1931,SR22A-PC-VSTR-03,a0,3:I,3:SETI,,
1934,SR22A-PC-Q1AB-05,b1,5:I,5:SETI,,
1936,SR22C-DI-EBPM-04,x,4:SA:X,,SR22C-DI-EBPM-04:CF:ENABLED_S,1
1936,SR22C-DI-EBPM-04,y,4:SA:Y,,SR22C-DI-EBPM-04:CF:ENABLED_S,1
1939,SR22A-PC-S1A-04,b2,4:I,4:SETI,,
1939,SR22A-PC-HSTR-04,b0,4:I,4:SETI,,
1939,SR22A-PC-VSTR-04,a0,4:I,4:SETI,,
1942,SR22A-PC-Q1AB-06,b1,6:I,6:SETI,,
1945,SR22A-PC-S2A-05,b2,5:I,5:SETI,,
1945,SR22A-PC-HSTR-05,b0,5:I,5:SETI,,
1945,SR22A-PC-VSTR-05,a0,5:I,5:SETI,,
1948,SR22A-PC-Q2AB-07,b1,7:I,7:SETI,,
1950,SR22C-DI-EBPM-05,x,5:SA:X,,SR22C-DI-EBPM-05:CF:ENABLED_S,1
1950,SR22C-DI-EBPM-05,y,5:SA:Y,,SR22C-DI-EBPM-05:CF:ENABLED_S,1
1953,SR-PC-DIPOL-01,b0,1:I,1:SETI,,
1956,SR22A-PC-S2B-06,b2,6:I,6:SETI,,
1956,SR22A-PC-HSTR-06,b0,6:I,6:SETI,,
1956,SR22A-PC-VSTR-06,a0,6:I,6:SETI,,
1959,SR22A-PC-Q3B-08,b1,8:I,8:SETI,,
1961,SR22C-DI-EBPM-06,x,6:SA:X,,SR22C-DI-EBPM-06:CF:ENABLED_S,1
1961,SR22C-DI-EBPM-06,y,6:SA:Y,,SR22C-DI-EBPM-06:CF:ENABLED_S,1
1963,SR22A-PC-Q2B-09,b1,9:I,9:SETI,,
1966,SR22A-PC-S1B-07,b2,7:I,7:SETI,,
1966,SR22A-PC-HSTR-07,b0,7:I,7:SETI,,
1966,SR22A-PC-VSTR-07,a0,7:I,7:SETI,,
1969,SR22A-PC-Q1B-10,b1,0:I,0:SETI,,
1971,SR22C-DI-EBPM-07,x,7:SA:X,,SR22C-DI-EBPM-07:CF:ENABLED_S,1
1971,SR22C-DI-EBPM-07,y,7:SA:Y,,SR22C-DI-EBPM-07:CF:ENABLED_S,1
1985,SR23C-DI-EBPM-01,x,1:SA:X,,SR23C-DI-EBPM-01:CF:ENABLED_S,1
1985,SR23C-DI-EBPM-01,y,1:SA:Y,,SR23C-DI-EBPM-01:CF:ENABLED_S,1
1987,SR23A-PC-Q1B-01,b1,1:I,1:SETI,,
1990,SR23A-PC-S1B-01,b2,1:I,1:SETI,,
1990,SR23A-PC-HSTR-01,b0,1:I,1:SETI,,
1990,SR23A-PC-VSTR-01,a0,1:I,1:SETI,,
1993,SR23A-PC-Q2B-02,b1,2:I,2:SETI,,
1995,SR23A-PC-Q3B-03,b1,3:I,3:SETI,,
1998,SR23A-PC-S2B-02,b2,2:I,2:SETI,,
1998,SR23A-PC-HSTR-02,b0,2:I,2:SETI,,
1998,SR23A-PC-VSTR-02,a0,2:I,2:SETI,,
2001,SR23C-DI-EBPM-02,x,2:SA:X,,SR23C-DI-EBPM-02:CF:ENABLED_S,1
2001,SR23C-DI-EBPM-02,y,2:SA:Y,,SR23C-DI-EBPM-02:CF:ENABLED_S,1
2003,SR-PC-DIPOL-01,b0,1:I,1:SETI,,
2005,SR23A-PC-Q2AB-04,b1,4:I,4:SETI,,
2007,SR23C-DI-EBPM-03,x,3:SA:X,,SR23C-DI-EBPM-03:CF:ENABLED_S,1
2007,SR23C-DI-EBPM-03,y,3:SA:Y,,SR23C-DI-EBPM-03:CF:ENABLED_S,1
2010,SR23A-PC-S2A-03,b2,3:I,3:SETI,,
2010,SR23A-PC-HSTR-03,b0,3:I,3:SETI,,
2010,SR23A-PC-VSTR-03,a0,3:I,3:SETI,,
2013,SR23A-PC-Q1AB-05,b1,5:I,5:SETI,,
2015,SR23C-DI-EBPM-04,x,4:SA:X,,SR23C-DI-EBPM-04:CF:ENABLED_S,1
2015,SR23C-DI-EBPM-04,y,4:SA:Y,,SR23C-DI-EBPM-04:CF:ENABLED_S,1
2018,SR23A-PC-S1A-04,b2,4:I,4:SETI,,
2018,SR23A-PC-HSTR-04,b0,4:I,4:SETI,,
2018,SR23A-PC-VSTR-04,a0,4:I,4:SETI,,
2021,SR23A-PC-Q1AB-06,b1,6:I,6:SETI,,
2024,SR23A-PC-S2A-05,b2,5:I,5:SETI,,
2024,SR23A-PC-HSTR-05,b0,5:I,5:SETI,,
2024,SR23A-PC-VSTR-05,a0,5:I,5:SETI,,
2027,SR23A-PC-Q2AB-07,b1,7:I,7:SETI,,
2029,SR23C-DI-EBPM-05,x,5:SA:X,,SR23C-DI-EBPM-05:CF:ENABLED_S,1
2029,SR23C-DI-EBPM-05,y,5:SA:Y,,SR23C-DI-EBPM-05:CF:ENABLED_S,1
2032,SR-PC-DIPOL-01,b0,1:I,1:SETI,,
2035,SR23A-PC-S2B-06,b2,6:I,6:SETI,,
2035,SR23A-PC-HSTR-06,b0,6:I,6:SETI,,
2035,SR23A-PC-VSTR-06,a0,6:I,6:SETI,,
2038,SR23A-PC-Q3B-08,b1,8:I,8:SETI,,
2040,SR23C-DI-EBPM-06,x,6:SA:X,,SR23C-DI-EBPM-06:CF:ENABLED_S,1
2040,SR23C-DI-EBPM-06,y,6:SA:Y,,SR23C-DI-EBPM-06:CF:ENABLED_S,1
2042,SR23A-PC-Q2B-09,b1,9:I,9:SETI,,
2045,SR23A-PC-S1B-07,b2,7:I,7:SETI,,
2045,SR23A-PC-HSTR-07,b0,7:I,7:SETI,,
2045,SR23A-PC-VSTR-07,a0,7:I,7:SETI,,
2048,SR23A-PC-Q1B-10,b1,0:I,0:SETI,,
2050,SR23C-DI-EBPM-07,x,7:SA:X,,SR23C-DI-EBPM-07:CF:ENABLED_S,1
2050,SR23C-DI-EBPM-07,y,7:SA:Y,,SR23C-DI-EBPM-07:CF:ENABLED_S,1
2064,SR24C-DI-EBPM-01,x,1:SA:X,,SR24C-DI-EBPM-01:CF:ENABLED_S,1
2064,SR24C-DI-EBPM-01,y,1:SA:Y,,SR24C-DI-EBPM-01:CF:ENABLED_S,1
2066,SR24A-PC-Q1B-01,b1,1:I,1:SETI,,
2069,SR24A-PC-S1C-01,b2,1:I,1:SETI,,
2069,SR24A-PC-HSTR-01,b0,1:I,1:SETI,,
2069,SR24A-PC-VSTR-01,a0,1:I,1:SETI,,
2072,SR24A-PC-Q2B-02,b1,2:I,2:SETI,,
2074,SR24A-PC-Q3B-03,b1,3:I,3:SETI,,
2077,SR24A-PC-S2C-02,b2,2:I,2:SETI,,
2077,SR24A-PC-HSTR-02,b0,2:I,2:SETI,,
2077,SR24A-PC-VSTR-02,a0,2:I,2:SETI,,
2080,SR24C-DI-EBPM-02,x,2:SA:X,,SR24C-DI-EBPM-02:CF:ENABLED_S,1
2080,SR24C-DI-EBPM-02,y,2:SA:Y,,SR24C-DI-EBPM-02:CF:ENABLED_S,1
2082,SR-PC-DIPOL-01,b0,1:I,1:SETI,,
2084,SR24A-PC-Q2AB-04,b1,4:I,4:SETI,,
2086,SR24C-DI-EBPM-03,x,3:SA:X,,SR24C-DI-EBPM-03:CF:ENABLED_S,1
2086,SR24C-DI-EBPM-03,y,3:SA:Y,,SR24C-DI-EBPM-03:CF:ENABLED_S,1
2089,SR24A-PC-S2A-03,b2,3:I,3:SETI,,
2089,SR24A-PC-HSTR-03,b0,3:I,3:SETI,,
2089,SR24A-PC-VSTR-03,a0,3:I,3:SETI,,
2092,SR24A-PC-Q1AB-05,b1,5:I,5:SETI,,
2094,SR24C-DI-EBPM-04,x,4:SA:X,,SR24C-DI-EBPM-04:CF:ENABLED_S,1
2094,SR24C-DI-EBPM-04,y,4:SA:Y,,SR24C-DI-EBPM-04:CF:ENABLED_S,1
2097,SR24A-PC-S1A-04,b2,4:I,4:SETI,,
2097,SR24A-PC-HSTR-04,b0,4:I,4:SETI,,
2097,SR24A-PC-VSTR-04,a0,4:I,4:SETI,,
2100,SR24A-PC-Q1AD-06,b1,6:I,6:SETI,,
2103,SR24A-PC-S2A-05,b2,5:I,5:SETI,,
2103,SR24A-PC-HSTR-05,b0,5:I,5:SETI,,
2103,SR24A-PC-VSTR-05,a0,5:I,5:SETI,,
2106,SR24A-PC-Q2AD-07,b1,7:I,7:SETI,,
2108,SR24C-DI-EBPM-05,x,5:SA:X,,SR24C-DI-EBPM-05:CF:ENABLED_S,1
2108,SR24C-DI-EBPM-05,y,5:SA:Y,,SR24C-DI-EBPM-05:CF:ENABLED_S,1
2111,SR-PC-DIPOL-01,b0,1:I,1:SETI,,
2114,SR24A-PC-S2D-06,b2,6:I,6:SETI,,
2114,SR24A-PC-HSTR-06,b0,6:I,6:SETI,,
2114,SR24A-PC-VSTR-06,a0,6:I,6:SETI,,
2117,SR24A-PC-Q3D-08,b1,8:I,8:SETI,,
2119,SR24C-DI-EBPM-06,x,6:SA:X,,SR24C-DI-EBPM-06:CF:ENABLED_S,1
2119,SR24C-DI-EBPM-06,y,6:SA:Y,,SR24C-DI-EBPM-06:CF:ENABLED_S,1
2121,SR24A-PC-Q2D-09,b1,9:I,9:SETI,,
2124,SR24A-PC-S1D-07,b2,7:I,7:SETI,,
2124,SR24A-PC-HSTR-07,b0,7:I,7:SETI,,
2124,SR24A-PC-VSTR-07,a0,7:I,7:SETI,,
2127,SR24A-PC-Q1D-10,b1,0:I,0:SETI,,
2129,SR24C-DI-EBPM-07,x,7:SA:X,,SR24C-DI-EBPM-07:CF:ENABLED_S,1
2129,SR24C-DI-EBPM-07,y,7:SA:Y,,SR24C-DI-EBPM-07:CF:ENABLED_S,1
8,SR01A-PC-SQUAD-01,a1,1:SETI,1:I,,
28,SR01A-PC-SQUAD-02,a1,2:SETI,2:I,,
42,SR01A-PC-SQUAD-03,a1,3:SETI,3:I,,
62,SR01A-PC-SQUAD-04,a1,4:SETI,4:I,,
101,SR02A-PC-SQUAD-01,a1,1:SETI,1:I,,
126,SR02A-PC-SQUAD-02,a1,2:SETI,2:I,,
130,SR02A-PC-SQUAD-03,a1,3:SETI,3:I,,
175,SR02A-PC-SQUAD-04,a1,4:SETI,4:I,,
179,SR02A-PC-SQUAD-05,a1,5:SETI,5:I,,
198,SR02A-PC-SQUAD-06,a1,6:SETI,6:I,,
241,SR03A-PC-SQUAD-01,a1,1:SETI,1:I,,
261,SR03A-PC-SQUAD-02,a1,2:SETI,2:I,,
275,SR03A-PC-SQUAD-03,a1,3:SETI,3:I,,
295,SR03A-PC-SQUAD-04,a1,4:SETI,4:I,,
343,SR04A-PC-SQUAD-01,a1,1:SETI,1:I,,
363,SR04A-PC-SQUAD-02,a1,2:SETI,2:I,,
377,SR04A-PC-SQUAD-03,a1,3:SETI,3:I,,
397,SR04A-PC-SQUAD-04,a1,4:SETI,4:I,,
424,SR05A-PC-SQUAD-01,a1,1:SETI,1:I,,
444,SR05A-PC-SQUAD-02,a1,2:SETI,2:I,,
458,SR05A-PC-SQUAD-03,a1,3:SETI,3:I,,
478,SR05A-PC-SQUAD-04,a1,4:SETI,4:I,,
515,SR06A-PC-SQUAD-01,a1,1:SETI,1:I,,
535,SR06A-PC-SQUAD-02,a1,2:SETI,2:I,,
549,SR06A-PC-SQUAD-03,a1,3:SETI,3:I,,
569,SR06A-PC-SQUAD-04,a1,4:SETI,4:I,,
607,SR07A-PC-SQUAD-01,a1,1:SETI,1:I,,
627,SR07A-PC-SQUAD-02,a1,2:SETI,2:I,,
641,SR07A-PC-SQUAD-03,a1,3:SETI,3:I,,
662,SR07A-PC-SQUAD-04,a1,4:SETI,4:I,,
686,SR08A-PC-SQUAD-01,a1,1:SETI,1:I,,
706,SR08A-PC-SQUAD-02,a1,2:SETI,2:I,,
720,SR08A-PC-SQUAD-03,a1,3:SETI,3:I,,
740,SR08A-PC-SQUAD-04,a1,4:SETI,4:I,,
798,SR09A-PC-SQUAD-01,a1,1:SETI,1:I,,
818,SR09A-PC-SQUAD-02,a1,2:SETI,2:I,,
832,SR09A-PC-SQUAD-03,a1,3:SETI,3:I,,
852,SR09A-PC-SQUAD-04,a1,4:SETI,4:I,,
912,SR10A-PC-SQUAD-01,a1,1:SETI,1:I,,
932,SR10A-PC-SQUAD-02,a1,2:SETI,2:I,,
946,SR10A-PC-SQUAD-03,a1,3:SETI,3:I,,
966,SR10A-PC-SQUAD-04,a1,4:SETI,4:I,,
990,SR11A-PC-SQUAD-01,a1,1:SETI,1:I,,
1010,SR11A-PC-SQUAD-02,a1,2:SETI,2:I,,
1024,SR11A-PC-SQUAD-03,a1,3:SETI,3:I,,
1044,SR11A-PC-SQUAD-04,a1,4:SETI,4:I,,
1068,SR12A-PC-SQUAD-01,a1,1:SETI,1:I,,
1088,SR12A-PC-SQUAD-02,a1,2:SETI,2:I,,
1102,SR12A-PC-SQUAD-03,a1,3:SETI,3:I,,
1122,SR12A-PC-SQUAD-04,a1,4:SETI,4:I,,
1180,SR13A-PC-SQUAD-01,a1,1:SETI,1:I,,
1200,SR13A-PC-SQUAD-02,a1,2:SETI,2:I,,
1214,SR13A-PC-SQUAD-03,a1,3:SETI,3:I,,
1234,SR13A-PC-SQUAD-04,a1,4:SETI,4:I,,
1258,SR14A-PC-SQUAD-01,a1,1:SETI,1:I,,
1278,SR14A-PC-SQUAD-02,a1,2:SETI,2:I,,
1292,SR14A-PC-SQUAD-03,a1,3:SETI,3:I,,
1312,SR14A-PC-SQUAD-04,a1,4:SETI,4:I,,
1336,SR15A-PC-SQUAD-01,a1,1:SETI,1:I,,
1356,SR15A-PC-SQUAD-02,a1,2:SETI,2:I,,
1370,SR15A-PC-SQUAD-03,a1,3:SETI,3:I,,
1390,SR15A-PC-SQUAD-04,a1,4:SETI,4:I,,
1416,SR16A-PC-SQUAD-01,a1,1:SETI,1:I,,
1436,SR16A-PC-SQUAD-02,a1,2:SETI,2:I,,
1450,SR16A-PC-SQUAD-03,a1,3:SETI,3:I,,
1471,SR16A-PC-SQUAD-04,a1,4:SETI,4:I,,
1486,SR17A-PC-SQUAD-01,a1,1:SETI,1:I,,
1506,SR17A-PC-SQUAD-02,a1,2:SETI,2:I,,
1520,SR17A-PC-SQUAD-03,a1,3:SETI,3:I,,
1540,SR17A-PC-SQUAD-04,a1,4:SETI,4:I,,
1566,SR18A-PC-SQUAD-01,a1,1:SETI,1:I,,
1586,SR18A-PC-SQUAD-02,a1,2:SETI,2:I,,
1600,SR18A-PC-SQUAD-03,a1,3:SETI,3:I,,
1621,SR18A-PC-SQUAD-04,a1,4:SETI,4:I,,
1645,SR19A-PC-SQUAD-01,a1,1:SETI,1:I,,
1665,SR19A-PC-SQUAD-02,a1,2:SETI,2:I,,
1679,SR19A-PC-SQUAD-03,a1,3:SETI,3:I,,
1699,SR19A-PC-SQUAD-04,a1,4:SETI,4:I,,
1754,SR20A-PC-SQUAD-01,a1,1:SETI,1:I,,
1774,SR20A-PC-SQUAD-02,a1,2:SETI,2:I,,
1788,SR20A-PC-SQUAD-03,a1,3:SETI,3:I,,
1808,SR20A-PC-SQUAD-04,a1,4:SETI,4:I,,
1832,SR21A-PC-SQUAD-01,a1,1:SETI,1:I,,
1852,SR21A-PC-SQUAD-02,a1,2:SETI,2:I,,
1866,SR21A-PC-SQUAD-03,a1,3:SETI,3:I,,
1887,SR21A-PC-SQUAD-04,a1,4:SETI,4:I,,
1911,SR22A-PC-SQUAD-01,a1,1:SETI,1:I,,
1931,SR22A-PC-SQUAD-02,a1,2:SETI,2:I,,
1945,SR22A-PC-SQUAD-03,a1,3:SETI,3:I,,
1966,SR22A-PC-SQUAD-04,a1,4:SETI,4:I,,
1990,SR23A-PC-SQUAD-01,a1,1:SETI,1:I,,
2010,SR23A-PC-SQUAD-02,a1,2:SETI,2:I,,
2024,SR23A-PC-SQUAD-03,a1,3:SETI,3:I,,
2045,SR23A-PC-SQUAD-04,a1,4:SETI,4:I,,
2069,SR24A-PC-SQUAD-01,a1,1:SETI,1:I,,
2089,SR24A-PC-SQUAD-02,a1,2:SETI,2:I,,
2103,SR24A-PC-SQUAD-03,a1,3:SETI,3:I,,
2124,SR24A-PC-SQUAD-04,a1,4:SETI,4:I,,
111,SR02A-PC-DTRIM-01,db0,1:SETI,1:I,,
185,SR02A-PC-DTRIM-04,db0,4:SETI,4:I,,
136,SR02A-PC-DTRIM-02,db0,2:SETI,2:I,,
160,SR02A-PC-DTRIM-03,db0,3:SETI,3:I,,
2131,SR-DI-DCCT-01,I,1:SIGNAL,,,
